id,name,type,description,rarity,height,width,price
1,白色染料,natural;decoration,,gray,2,2,1176
2,爆裂紫颂果,decoration,,green,2,2,4410
3,橙色染料,natural;decoration,,gray,2,2,1164
4,粗金,ore,,blue,1,1,8586
5,粗铁,ore,,green,1,1,3200
6,粗铜,ore,,green,1,1,2977
7,淡灰色染料,natural;decoration,,gray,2,2,1272
8,淡蓝色染料,natural;decoration,,gray,2,2,1152
9,粉红色染料,natural;decoration,,gray,2,2,1140
10,附魔之瓶,magic,,purple,2,2,83790
11,骨粉,decoration,,gray,1,1,2226
12,骨头,loot,,blue,2,2,20736
13,海龟鳞甲,loot,,blue,2,2,22680
14,海晶砂粒,ore,,green,1,1,2892
15,海晶碎片,decoration,,gray,1,1,2600
16,海洋之心,loot,,blue,2,2,21820
17,黑色染料,natural;decoration,,gray,2,2,1200
18,红色染料,natural;decoration,,gray,2,2,1236
19,红砖,decoration,,green,2,2,4200
20,黄绿色染料,natural;decoration,,gray,2,2,1176
21,黄色染料,natural;decoration,,gray,2,2,1200
22,灰色染料,natural;decoration,,gray,2,2,1152
23,回响碎片,magic;decoration,,purple,1,1,42294
24,火药,loot,,blue,2,2,20304
25,鸡蛋,decoration,,green,2,2,4116
26,金锭,ore,,green,1,1,7695
27,金粒,ore,,green,1,1,2863
28,盔甲纹饰锻造模板,decoration;loot,,purple,1,1,38934
29,蓝色鸡蛋,decoration,,green,2,2,4200
30,蓝色染料,natural;decoration,,gray,2,2,1188
31,烈焰棒,magic;loot,,purple,5,1,55910
32,绿宝石,ore,,purple,1,1,26649
33,绿色染料,natural;decoration,,gray,2,2,1260
34,煤炭,ore,,green,1,1,2948
35,蜜脾,decoration,,green,2,2,4326
36,末影珍珠,magic;loot,,gold,3,5,582898
37,末影之眼,magic,,purple,2,2,83790
38,墨囊,decoration,,green,2,2,4452
39,木棍,decoration,,gray,2,2,1152
40,木炭,ore;decoration,,green,1,1,2750
41,黏土球,decoration,,green,2,2,4200
42,黏液球,loot,,blue,2,2,20304
43,皮革,loot,,blue,1,1,11124
44,品红色染料,natural;decoration,,gray,2,2,1236
45,旗帜图案,decoration,,green,3,2,5041
46,潜影壳,loot,,blue,2,2,20304
47,青金石,ore,,blue,1,1,8019
48,青色染料,natural;decoration,,gray,2,2,1260
49,犰狳鳞甲,loot,,blue,2,2,20304
50,树脂团,decoration,,green,2,2,4326
51,树脂砖,decoration,,green,2,2,4242
52,陶片,loot,,blue,2,2,21168
53,铜锭,ore,,green,1,1,2665
54,铜粒,ore,,green,1,1,2835
55,下界合金锭,ore,,red,1,1,245430
56,下界合金升级锻造模板,decoration;loot,,red,4,3,1167264
57,下界合金碎片,ore,,red,1,1,238140
58,下界砖,decoration,,blue,2,2,12000
59,旋风棒,decoration,,green,2,2,4368
60,荧光墨囊,decoration,,green,2,2,4074
61,紫色染料,natural;decoration,,gray,2,2,1260
62,紫水晶碎片,ore,,green,1,1,2920
63,棕色鸡蛋,decoration,,green,2,2,4200
64,棕色染料,natural;decoration,,gray,2,2,1188
65,鞍,tool;loot,,purple,2,2,144935
66,船,tool,,green,2,3,16950
67,打火石,tool,,green,2,2,4988
68,地图,tool,,green,2,2,4935
69,钓鱼竿,tool,,green,2,2,5198
70,附魔书,book;magic;tool,,gold,5,3,612638
71,鲑鱼桶,tool;food,,green,2,2,5460
72,诡异菌钓竿,natural;tool,,green,3,2,6623
73,河豚桶,tool,,green,2,2,5250
74,胡萝卜钓竿,food;tool,,green,3,2,6816
75,火焰弹,tool,,green,2,2,5513
76,剪刀,tool,,green,2,2,5408
77,金锄,tool,,blue,1,3,17777
78,金斧,tool,,blue,3,2,17820
79,金镐,tool,,blue,3,2,19106
80,金锹,tool,,blue,3,1,14100
81,蝌蚪桶,tool,,green,2,2,5093
82,空地图,tool,,green,2,2,5513
83,美西螈桶,tool,,green,2,2,5250
84,命名牌,loot;tool,,purple,2,2,150791
85,木锄,tool,,green,1,3,5513
86,木斧,tool,,green,3,2,6173
87,木镐,tool,,green,3,2,6623
88,木锹,tool,,green,3,1,5565
89,染色收纳袋,tool,,green,2,2,5093
90,热带鱼桶,tool;food,,green,2,2,5198
91,熔岩桶,tool,,green,1,3,5198
92,石锄,tool,,green,1,3,5928
93,石斧,tool,,green,3,2,6751
94,石镐,tool,,green,3,2,6366
95,石锹,tool,,green,3,1,5355
96,时钟,tool,,green,2,2,5303
97,收纳袋,tool,,green,2,2,5565
98,书与笔,book;tool,,green,2,2,5355
99,刷子,tool,,green,2,2,5040
100,拴绳,tool,,green,2,2,5303
101,水桶,tool,,green,2,2,5513
102,探险家地图,tool,,green,2,2,5565
103,铁锄,tool,,green,1,4,13720
104,铁斧,tool,,green,3,2,12720
105,铁镐,tool,,green,3,2,12720
106,铁锹,tool,,green,3,1,12470
107,铜锄,tool,,green,1,4,6163
108,铜斧,tool,,green,3,2,6173
109,铜镐,tool,,green,3,2,6623
110,铜锹,tool,,green,3,1,5565
111,桶,tool,,green,2,2,4988
112,挽具,tool,,green,2,2,5250
113,望远镜,tool,,green,3,2,6494
114,细雪桶,tool,,green,2,2,5198
115,下界合金锄,tool,,red,1,5,1113750
116,下界合金斧,tool,,red,3,2,567669
117,下界合金镐,tool,,red,3,2,534601
118,下界合金锹,tool,,red,3,1,1125000
119,鳕鱼桶,tool;food,,green,2,2,4935
120,运输船,tool,,green,2,3,6623
121,指南针,tool,,green,2,2,5040
122,追溯指针,tool,,green,2,2,4988
123,钻石锄,tool,,purple,4,1,100649
124,钻石斧,tool,,purple,3,2,66228
125,钻石镐,tool,,purple,3,2,62370
126,钻石锹,tool,,purple,3,1,105000
127,按钮,tech,,blue,1,1,8265
128,斑驳的铜灯,tech,,blue,2,1,12919
129,绊线,tech,,blue,2,2,17922
130,绊线钩,tech,,blue,2,2,16704
131,避雷针,tech,,blue,2,2,16878
132,标靶,tech,,blue,2,2,16704
133,发射器,tech,,blue,2,2,16530
134,合成器,tech,,blue,2,2,17226
135,红石比较器,tech,,purple,2,2,141624
136,红石灯,tech,,purple,2,1,142985
137,红石粉,tech,,purple,1,1,101263
138,红石火把,tech;decoration,,purple,2,2,143115
139,红石块,tech;decoration,,purple,2,2,76825
140,红石中继器,tech,,purple,2,2,109701
141,活塞,tech,,blue,2,2,16704
142,拉杆,tech,,blue,2,2,16356
143,漏斗,tech,,blue,2,2,17574
144,磨制黑石压力板,tech;decoration,,blue,1,1,8526
145,木门,decoration,,green,3,2,5092
146,木质活板门,decoration,,green,3,2,4938
147,木质压力板,tech;decoration,,blue,1,1,8178
148,黏性活塞,tech,,blue,2,2,18444
149,轻质测重压力板,tech;decoration,,blue,1,1,8700
150,石头压力板,tech;decoration,,green,1,1,3106
151,铁活板门,decoration,,green,3,2,7720
152,铁门,decoration,,green,3,2,9080
153,铜灯,tech,,purple,2,1,43063
154,铜门,decoration,,green,3,2,7810
155,铜质活板门,decoration,,green,3,2,7810
156,投掷器,tech,,blue,2,2,17400
157,陷阱箱,decoration,,green,2,2,4158
158,校频幽匿感测体,magic,,purple,2,2,82992
159,阳光探测器,tech,,blue,2,2,16878
160,音符盒,decoration,,green,2,2,4032
161,幽匿感测体,magic,,purple,2,2,83790
162,栅栏门,decoration,,green,3,2,5195
163,侦测器,tech,,blue,2,2,16878
164,钟,decoration,,green,2,2,4326
165,重质测重压力板,tech;decoration,,blue,1,1,8352
166,TNT,tech,,blue,2,2,18444
167,安山岩,decoration,,green,2,2,4284
168,玻璃,decoration,,gray,2,2,1188
169,草方块,natural;decoration,,gray,2,2,1188
170,缠根泥土,natural;decoration,,gray,2,2,1270
171,雕纹凝灰岩,natural;decoration,,green,2,2,4284
172,雕纹凝灰岩砖,decoration;natural,,green,2,2,4158
173,雕纹树脂砖块,decoration,,green,2,2,4032
174,干草块,natural;decoration,,gray,2,2,1200
175,干海带块,food;decoration;natural,,green,2,2,4158
176,骨块,decoration,,green,2,2,4200
177,诡异疣块,decoration,,green,2,2,4452
178,海绵,decoration,,green,2,2,4326
179,黑曜石,decoration,,green,2,2,5200
180,红色下界砖块,decoration,,blue,2,2,12600
181,红沙,decoration,,gray,2,2,1164
182,红砂岩,decoration,,green,2,2,4656
183,红树根,natural;decoration,,green,2,2,4158
184,花岗岩,natural;decoration,,gray,2,2,1224
185,灰化土,decoration,,green,2,2,4452
186,混凝土,decoration,,green,2,2,4032
187,混凝土粉末,decoration,,green,2,2,4032
188,菌丝,natural;decoration,,green,2,2,4284
189,哭泣的黑曜石,decoration,,green,2,2,7600
190,裂纹深板岩瓦,decoration,,green,2,2,4116
191,裂纹深板岩砖,decoration,,green,2,2,3990
192,裂纹石砖,decoration,,green,2,2,4158
193,灵魂沙,decoration,,green,2,2,4200
194,楼梯,decoration,,green,2,2,4326
195,磨制安山岩,decoration,,green,2,2,4200
196,磨制花岗岩,natural;decoration,,gray,2,2,1220
197,磨制凝灰岩,natural;decoration,,green,2,2,4368
198,磨制闪长岩,decoration,,green,2,2,4284
199,磨制深板岩,decoration,,green,2,2,4284
200,末地石,decoration,,blue,2,2,12240
201,末地石砖,decoration,,blue,2,2,11880
202,南瓜灯,decoration,,gray,2,1,2970
203,泥坯,decoration,,green,2,2,4032
204,泥土,decoration,,gray,2,2,1210
205,黏土块,decoration,,green,2,2,4410
206,凝灰岩砖,decoration;natural,,green,2,2,4326
207,平滑红砂岩,decoration,,green,2,2,4368
208,平滑砂岩,decoration,,green,2,2,3990
209,平滑石头,decoration,,gray,2,2,1320
210,平滑石英块,decoration;ore,,green,2,2,5840
211,切制红砂岩,decoration,,green,2,2,4410
212,切制砂岩,decoration,,green,2,2,4032
213,去皮竹块,decoration,,green,2,2,4200
214,染色玻璃,decoration,,gray,2,2,1236
215,沙砾,decoration,,gray,2,2,1188
216,沙子,decoration,,gray,2,2,1236
217,砂土,decoration,,green,2,2,4410
218,砂岩,decoration,,green,2,2,4944
219,闪长岩,decoration,,green,2,2,4368
220,深板岩,decoration,,green,2,2,4368
221,深板岩瓦,decoration,,green,2,2,4368
222,深板岩圆石,decoration,,gray,2,2,1220
223,深板岩砖,decoration,,green,2,2,4242
224,湿海绵,decoration,,green,2,2,4284
225,石头,decoration,,gray,2,2,1236
226,石英块,decoration;ore,,green,2,2,5727
227,石英柱,ore,,green,2,1,4280
228,石英砖,decoration;ore,,green,1,1,4120
229,石砖,decoration,,green,2,2,4410
230,树脂砖块,decoration,,green,2,2,4200
231,苔石砖,decoration,,green,2,2,4032
232,陶瓦,decoration,,green,2,2,4452
233,蛙明灯,decoration,,gray,2,1,2881
234,细雪,decoration,,green,2,2,4116
235,下界岩,decoration,,blue,2,2,11880
236,下界疣块,decoration,,blue,2,2,11520
237,下界砖块,decoration,,blue,2,2,11880
238,錾制红砂岩,decoration,,green,2,2,3990
239,錾制砂岩,decoration,,green,2,2,4158
240,錾制深板岩,decoration,,green,2,2,4074
241,錾制石英块,decoration;ore,,green,2,2,5330
242,錾制石砖,decoration,,green,2,2,4116
243,沾泥的红树根,natural;decoration,,green,2,2,3948
244,竹块,decoration,,green,2,2,4242
245,竹马赛克,decoration,,gray,2,2,3948
246,光灵箭,equipment;loot,,purple,2,2,150791
247,知识之书,book;magic;loot,,gold,4,4,631750
248,玻璃瓶,decoration;magic,,blue,2,2,23256
249,恶魂之泪,loot;magic,,gold,4,2,665000
250,发酵蛛眼,magic,,blue,2,2,23028
251,幻翼膜,loot;magic,,gold,3,4,638400
252,炼药锅,magic,,blue,2,2,23712
253,烈焰粉,magic,,purple,1,1,38703
254,龙息,magic,,purple,2,2,83790
255,酿造台,magic,,blue,2,2,22116
256,喷溅型药水,magic,,blue,2,2,22116
257,闪烁的西瓜片,food;magic,,purple,1,1,40698
258,水瓶,magic,,blue,2,2,21432
259,兔子脚,loot;magic,,gold,2,5,625100
260,岩浆膏,magic,,blue,2,2,23940
261,药水,magic,,blue,2,2,21432
262,滞留型药水,magic,,blue,2,2,21432
263,暗海晶石,decoration,,green,2,2,4284
264,斑驳的铜格栅,decoration,,green,2,2,4368
265,粗金块,decoration;ore,,blue,2,2,56700
266,粗铁块,decoration;ore,,green,2,2,28800
267,绯红菌核,natural;decoration,,green,2,2,3948
268,诡异菌核,natural;decoration,,green,2,2,4032
269,海晶灯,decoration,,green,2,1,5800
270,海晶石,decoration,,green,2,2,4410
271,海晶石砖,decoration,,green,2,2,4330
272,脚手架,decoration;book,,green,1,1,2241
273,金块,decoration;ore,,blue,2,2,69255
274,裂纹磨制黑石砖,decoration,,green,2,2,4326
275,绿宝石块,decoration;ore,,purple,2,2,239841
276,煤炭块,decoration;ore,,green,2,2,26532
277,磨制黑石,decoration,,green,2,2,4158
278,磨制黑石砖,decoration,,green,2,2,4032
279,木板,decoration,,gray,1,1,1130
280,木头,decoration,,gray,2,2,3948
281,泥砖,decoration,,green,2,2,4032
282,青金石块,decoration;ore,,blue,2,2,72171
283,去皮绯红菌柄,natural;decoration,,green,2,2,3948
284,去皮绯红菌核,natural;decoration,,green,2,2,4452
285,去皮诡异菌柄,natural;decoration,,green,2,2,4032
286,去皮诡异菌核,natural;decoration,,green,2,2,3990
287,去皮木头,decoration,,green,2,2,4452
288,去皮原木,natural;decoration,,green,2,2,3948
289,树脂块,decoration,,green,2,2,4326
290,铁块,decoration;ore,,green,2,2,28800
291,铜格栅,decoration,,green,2,2,4158
292,涂蜡的斑驳铜格栅,decoration,,green,2,2,4074
293,涂蜡的铜格栅,decoration,,green,2,2,4326
294,涂蜡的锈蚀铜格栅,decoration,,green,2,2,4450
295,涂蜡的氧化铜格栅,decoration,,green,2,2,4370
296,下界合金块,decoration;ore,,red,4,5,1141065
297,锈蚀的铜格栅,decoration,,green,2,2,4284
298,氧化的铜格栅,decoration,,green,2,2,4160
299,錾制磨制黑石,decoration,,green,2,2,4410
300,錾制下界砖块,decoration,,blue,2,2,12600
301,遮光玻璃,decoration,,gray,2,2,1260
302,紫水晶块,decoration,,green,2,2,7200
303,钻石块,decoration;ore,,purple,2,2,270459
304,不祥之瓶,food,,gray,1,1,2140
305,蛋糕,food;decoration,,green,1,1,2142
306,毒马铃薯,food,,gray,1,1,576
307,蜂蜜瓶,food,,gray,1,1,620
308,腐肉,food,,gray,1,1,612
309,附魔金苹果,food;magic,,gold,1,1,618586
310,干海带,food;natural,,gray,1,1,600
311,河豚,mob,,blue,2,2,16038
312,金胡萝卜,food,,green,1,1,5880
313,金苹果,food,,green,1,1,51200
314,烤马铃薯,food,,gray,1,1,640
315,谜之炖菜,food,,gray,1,1,606
316,面包,food,,gray,1,1,636
317,蘑菇煲,food;natural,,gray,1,1,630
318,奶桶,tool;food,,green,2,2,5460
319,南瓜派,food,,gray,1,1,612
320,牛排,food,,gray,1,1,650
321,苹果,food,,gray,1,1,800
322,曲奇,food,,gray,1,1,588
323,热带鱼,mob,,blue,2,2,15876
324,生鲑鱼,food,,gray,1,1,570
325,生鸡肉,food,,gray,1,1,600
326,生牛肉,food,,gray,1,1,630
327,生兔肉,food,,gray,1,1,570
328,生鳕鱼,food,,gray,1,1,588
329,生羊肉,food,,gray,1,1,590
330,生猪排,food,,gray,1,1,600
331,熟鲑鱼,food,,gray,1,1,580
332,熟鸡肉,food,,gray,1,1,620
333,熟兔肉,food,,gray,1,1,590
334,熟鳕鱼,food,,gray,1,1,610
335,熟羊肉,food,,gray,1,1,640
336,熟猪排,food,,gray,1,1,640
337,甜菜汤,food,,gray,1,1,590
338,甜浆果,food,,gray,1,1,640
339,兔肉煲,food,,gray,1,1,618
340,西瓜片,food,,gray,1,1,640
341,蜘蛛眼,food,,gray,1,1,636
342,紫颂果,food,,gray,1,1,594
343,动力矿车,tech,,blue,2,3,29400
344,动力铁轨,tech,,blue,2,2,17922
345,激活铁轨,tech,,purple,2,2,64554
346,矿车,tech,,blue,2,3,22376
347,漏斗矿车,tech,,blue,2,3,25950
348,命令方块矿车,magic,,red,2,3,3742200
349,探测铁轨,tech,,purple,2,2,61509
350,铁轨,tech,,purple,2,2,59682
351,运输矿车,tech,,blue,2,3,26700
352,TNT矿车,tech,,blue,2,3,28350
353,凋灵骷髅头颅,magic;decoration,,red,5,3,1590649
354,僵尸的头,decoration,,green,2,2,4326
355,骷髅头颅,decoration,,green,2,2,4242
356,苦力怕的头,decoration,,green,2,2,4452
357,龙首,decoration,,green,2,2,52140
358,玩家头颅,decoration,,green,2,2,4326
359,猪灵的头,decoration,,green,2,2,4410
360,红宝石,loot,,blue,2,2,22680
361,箭袋,equipment;loot,,purple,2,2,185220
362,风弹,equipment,,green,2,2,5500
363,弓,equipment,,green,3,2,6736
364,箭,equipment,,green,2,2,5670
365,金剑,equipment,,purple,3,1,49104
366,矛,equipment,,green,2,2,5500
367,木剑,equipment,,green,3,1,4861
368,弩,equipment,,green,3,2,7361
369,三叉戟,equipment,,green,3,2,52540
370,石剑,equipment,,green,3,1,5160
371,铁剑,equipment,,blue,3,1,15150
372,铜剑,equipment,,blue,3,1,13889
373,下界合金剑,equipment,,red,3,1,446142
374,药箭,equipment,,green,2,2,5840
375,重锤,equipment,,green,3,2,249100
376,钻石剑,equipment,,purple,3,1,52540
377,生鱼,food;loot,,blue,1,1,11448
378,熟鱼,food;loot,,blue,1,1,10152
379,不祥试炼钥匙,magic;loot,,gold,5,5,684950
380,唱片残片,loot,,blue,2,2,20736
381,沉重核心,loot,,purple,2,2,244440
382,成书,book;loot,,purple,1,1,40068
383,嘎枝之心,loot,,blue,2,2,21816
384,海龟蛋,decoration;loot,,purple,2,2,74088
385,末影水晶,magic;loot,,gold,2,4,671650
386,青蛙卵,loot,,blue,2,2,22464
387,山羊角,loot,,blue,2,2,22896
388,试炼刷怪笼,mob;magic;loot,,red,2,5,1299600
389,试炼钥匙,magic;loot,,gold,4,3,638400
390,刷怪蛋,mob;magic;loot,,red,3,4,1452997
391,刷怪笼,mob;magic;loot,,red,4,2,1529470
392,音乐唱片,loot,,blue,2,2,21384
393,矮枯草丛,natural,,gray,2,2,1260
394,白桦树苗,natural,,gray,2,1,798
395,白色郁金香,natural,,green,2,2,5400
396,孢子花,natural,,gray,2,2,1176
397,滨菊,natural,,gray,2,2,1220
398,苍白垂须,natural,,gray,2,2,1210
399,苍白橡树树苗,natural,,gray,2,1,806
400,草,natural,,gray,2,2,1190
401,缠怨藤,natural,,gray,2,2,1212
402,橙色郁金香,natural,,green,2,2,11400
403,垂根,natural,,gray,2,2,1224
404,垂泪藤,natural,,gray,2,2,1250
405,丛林树苗,natural,,gray,2,1,891
406,大型垂滴叶,natural,,gray,2,2,1590
407,大型蕨,natural,,gray,2,2,1224
408,凋灵玫瑰,magic;natural,,red,5,5,1812600
409,丁香,natural,,gray,2,2,1430
410,洞穴藤蔓,natural,,gray,2,2,1180
411,杜鹃花丛,natural,,gray,2,2,1240
412,发光地衣,natural,,gray,2,2,1272
413,发光浆果,food;natural,,gray,1,1,640
414,绯红菌索,natural,,gray,2,2,1260
415,粉红色花簇,natural,,gray,2,2,1260
416,粉红色郁金香,natural,,green,2,2,12480
417,高草丛,natural,,gray,2,2,1380
418,高枯草丛,natural,,gray,2,2,1370
419,灌木丛,natural,,gray,2,2,1260
420,诡异菌索,natural,,gray,2,2,1200
421,海草,natural,,gray,2,2,1300
422,海带,food;natural,,gray,1,1,612
423,海泡菜,natural,,gray,2,2,1176
424,红色蘑菇,natural,,gray,2,2,1250
425,红色蘑菇方块,natural;decoration,,green,2,2,4284
426,红色郁金香,natural,,green,2,2,12120
427,红树胎生苗,natural,,gray,2,2,1188
428,火把花,natural;decoration,,gray,2,2,1260
429,金合欢树苗,natural,,green,2,1,6120
430,金蒲公英,natural,,green,2,2,10800
431,蕨,natural,,gray,2,2,1150
432,枯萎的灌木,natural,,gray,2,2,1260
433,枯叶堆,natural,,gray,2,2,1212
434,兰花,natural,,gray,2,2,1176
435,蓝花美耳草,natural,,gray,2,2,1236
436,铃兰,natural,,gray,2,2,1152
437,玫瑰,natural,,gray,2,2,1236
438,玫瑰丛,natural,,gray,2,2,1510
439,蘑菇柄,natural,,gray,2,2,1260
440,牡丹,natural,,gray,2,2,1600
441,瓶子草,natural,,gray,2,2,1236
442,蒲公英,natural,,gray,2,2,1190
443,绒球葱,natural,,gray,2,2,1270
444,深色橡树树苗,natural,,gray,2,1,882
445,盛开的杜鹃花丛,natural,,gray,2,2,1248
446,矢车菊,natural,,gray,2,2,1260
447,睡莲,natural,,gray,2,2,1260
448,藤蔓,natural,,gray,2,2,1190
449,下界菌,natural,,blue,2,2,11400
450,下界苗,natural,,blue,2,2,11640
451,仙人掌,natural,,gray,2,2,1176
452,仙人掌花,natural,,gray,2,2,1272
453,向日葵,natural;book,,green,1,1,2287
454,橡树树苗,natural,,gray,2,1,798
455,小型垂滴叶,natural,,gray,2,2,1176
456,眼眸花,natural,,gray,2,2,1176
457,野花簇,natural,,gray,2,2,1220
458,樱花树苗,natural,,gray,2,1,865
459,萤火虫灌木丛,natural,,gray,2,2,1248
460,幽匿脉络,magic;natural,,purple,2,2,76608
461,虞美人,natural,,gray,2,2,1250
462,云杉树苗,natural,,gray,2,1,899
463,棕色蘑菇,natural,,gray,2,2,1310
464,棕色蘑菇方块,natural;decoration,,green,2,2,4116
465,不死图腾,equipment;magic,,gold,5,4,678300
466,盾牌,equipment,,green,3,2,6528
467,海龟壳,equipment,,green,2,2,5727
468,金护腿,equipment,,purple,3,2,65276
469,金马铠,equipment,,purple,2,2,53865
470,金头盔,equipment,,purple,2,3,65971
471,金胸甲,equipment,,purple,3,3,79947
472,金靴子,equipment,,purple,2,3,65971
473,狼铠,equipment,,green,2,2,5330
474,皮革裤子,loot;equipment,,purple,3,2,93517
475,皮革马铠,equipment;loot,,purple,1,1,117143
476,皮革帽子,loot;equipment,,purple,1,1,133562
477,皮革外套,loot;equipment,,purple,1,1,128324
478,皮革靴子,equipment;loot,,purple,2,3,90739
479,鞘翅,equipment,,gold,5,2,463050
480,锁链护腿,equipment,,green,3,2,12260
481,锁链头盔,equipment,,green,2,3,12030
482,锁链胸甲,equipment,,green,3,3,11680
483,锁链靴子,equipment,,green,2,3,10650
484,铁护腿,equipment,,blue,3,2,20833
485,铁马铠,equipment,,blue,2,2,17172
486,铁头盔,equipment,,blue,2,3,21031
487,铁胸甲,equipment,,blue,3,3,25515
488,铁靴子,equipment,,blue,2,3,21031
489,铜护腿,equipment,,blue,3,2,21031
490,铜马铠,equipment,,blue,2,2,15228
491,铜头盔,equipment,,blue,2,3,18650
492,铜胸甲,equipment,,blue,3,3,25758
493,铜靴子,equipment,,blue,2,3,18650
494,下界合金护腿,equipment,,red,3,2,595226
495,下界合金马铠,equipment,,red,5,2,776118
496,下界合金头盔,equipment,,red,2,3,601178
497,下界合金胸甲,equipment,,red,3,3,729000
498,下界合金靴子,equipment,,red,2,3,601178
499,鹦鹉螺铠,equipment,,green,2,2,5840
500,钻石护腿,equipment,,purple,3,2,69443
501,钻石马铠,equipment,,purple,2,2,128053
502,钻石头盔,equipment,,purple,2,3,70137
503,钻石胸甲,equipment,,purple,3,3,85050
504,钻石靴子,equipment,,purple,2,3,70137
505,白桦树叶,natural;decoration,,gray,2,2,1260
506,玻璃板,decoration,,gray,1,1,910
507,苍白覆地苔藓,natural;decoration,,green,2,2,4368
508,苍白苔藓块,natural;decoration,,green,2,2,4284
509,苍白橡树树叶,natural;decoration,,gray,2,2,1272
510,丛林树叶,natural;decoration,,gray,2,2,1236
511,大型紫晶芽,decoration,,green,2,2,4284
512,带釉陶瓦,decoration,,green,2,2,4368
513,地毯,decoration,,gray,1,1,2079
514,灯笼,decoration,,gray,2,1,3118
515,滴水石锥,decoration,,green,2,2,4368
516,杜鹃树叶,natural;decoration,,gray,2,2,1224
517,蜂蜜块,decoration,,green,2,2,4032
518,覆地苔藓,natural;decoration,,green,2,2,4326
519,告示牌,decoration,,green,3,2,5401
520,耕地,decoration,,green,2,2,4032
521,红树树叶,natural;decoration,,gray,2,2,1236
522,花盆,natural;decoration,,gray,2,2,1212
523,画,decoration,,green,2,2,4242
524,火把,decoration,,green,2,2,4074
525,金合欢树叶,natural;decoration,,green,2,2,11040
526,盔甲架,decoration,,green,2,2,4032
527,蜡烛,decoration,,green,2,2,4158
528,灵魂灯笼,decoration,,gray,2,1,3089
529,灵魂火把,decoration,,green,2,2,4032
530,龙蛋,loot;decoration,,red,4,2,1217201
531,蜜脾块,decoration,,green,2,2,4284
532,末地传送门框架,decoration;multiblock,,gold,4,5,555976
533,末地烛,decoration,,blue,2,2,12720
534,黏液块,decoration,,green,2,2,4158
535,旗帜,decoration,,green,3,2,5298
536,墙,decoration,,green,2,2,4326
537,染色玻璃板,decoration,,gray,1,1,880
538,珊瑚,natural;decoration,,green,2,2,4580
539,珊瑚扇,natural;decoration,,green,2,2,4620
540,深色橡树树叶,natural;decoration,,gray,2,2,1224
541,盛开的杜鹃树叶,natural;decoration,,gray,2,2,1248
542,失活的珊瑚,natural;decoration,,green,2,2,4284
543,失活的珊瑚扇,natural;decoration,,green,2,2,4452
544,失水恶魂,decoration,,green,2,2,13080
545,饰纹陶罐,decoration,,gray,2,2,3948
546,锁链,decoration,,green,2,2,8910
547,苔藓块,natural;decoration,,green,2,2,4242
548,梯子,decoration,,gray,2,1,3029
549,铁栏杆,decoration,,green,2,2,4032
550,铜火把,decoration,,green,2,2,4284
551,土径,decoration,,green,2,2,4242
552,物品展示框,decoration,,green,2,2,4410
553,橡树树叶,natural;decoration,,gray,2,2,1260
554,小型紫晶芽,decoration,,green,2,2,4410
555,嗅探兽蛋,decoration,,green,2,2,3990
556,悬挂式告示牌,decoration,,green,3,2,4938
557,雪,decoration,,green,2,2,4410
558,樱花树叶,natural;decoration,,gray,2,2,1300
559,荧光物品展示框,decoration,,green,2,2,4032
560,云杉树叶,natural;decoration,,gray,2,2,1248
561,栅栏,decoration,,gray,2,1,3000
562,展示架,decoration,,green,2,2,4368
563,蜘蛛网,decoration,,green,2,2,3990
564,中型紫晶芽,decoration,,green,2,2,4200
565,紫水晶母岩,decoration,,green,2,2,12480
566,宝库,magic,,blue,2,2,22800
567,唱片机,loot,,blue,2,2,22464
568,潮涌核心,magic;multiblock,,red,4,4,1395360
569,床,decoration,,green,4,3,7493
570,磁石,decoration,,gray,2,2,3948
571,锻造台,decoration,,green,2,2,4368
572,堆肥桶,tool,,green,2,2,5460
573,蜂巢,decoration,,green,2,2,4158
574,蜂箱,decoration,,green,2,2,4158
575,附魔台,magic,,purple,2,2,82992
576,高炉,decoration,,green,2,2,4116
577,工作台,decoration,,green,2,2,4326
578,讲台,decoration,,green,2,2,4410
579,开裂的铁砧,decoration,,green,2,2,6380
580,灵魂营火,decoration,,green,2,2,4452
581,命令方块,tech;decoration;loot,,red,1,2,1249480
582,末影箱,magic,,purple,2,2,83790
583,木桶,tool,,green,2,2,5250
584,潜影盒,decoration,,green,2,2,19800
585,切石机,decoration,,green,2,2,4032
586,熔炉,decoration,,green,2,2,4326
587,砂轮,decoration,,green,2,2,4326
588,损坏的铁砧,decoration,,green,2,2,7070
589,铁砧,decoration,,green,2,2,6380
590,箱子,decoration,,green,2,2,4452
591,信标,magic;multiblock,,red,4,4,1381680
592,烟熏炉,decoration,,gray,2,2,3948
593,营火,decoration,,gray,2,2,3948
594,幽匿催发体,magic,,purple,2,2,77406
595,幽匿尖啸体,magic,,purple,2,2,80598
596,织布机,decoration,,green,2,2,4284
597,制箭台,equipment,,green,2,2,5557
598,制图台,decoration,,green,2,2,4452
599,重生锚,magic,,blue,2,2,23484
600,红石矿石,ore;tech,,gold,2,4,532875
601,金矿石,ore,,blue,2,2,16690
602,可疑的沙砾,ore,,green,1,1,2750
603,可疑的沙子,ore,,gray,1,1,1510
604,绿宝石矿石,ore,,purple,2,2,53870
605,煤矿石,ore,,green,2,2,5330
606,青金石矿石,ore,,blue,2,2,16360
607,深层红石矿石,ore;tech,,gold,4,2,517650
608,深层金矿石,ore,,blue,2,2,16360
609,深层绿宝石矿石,ore,,purple,2,2,59535
610,深层煤矿石,ore,,green,2,2,5897
611,深层青金石矿石,ore,,blue,2,2,16040
612,深层铁矿石,ore,,green,2,2,5500
613,深层铜矿石,ore,,green,2,2,5840
614,深层钻石矿石,ore,,purple,2,2,58968
615,铁矿石,ore,,green,2,2,5613
616,铜矿石,ore,,green,2,2,5950
617,下界金矿石,ore,,purple,2,2,91665
618,下界石英矿石,ore,,purple,2,2,56133
619,远古残骸,ore,,green,1,1,56700
620,紫水晶簇,ore,,green,1,1,17660
621,钻石矿石,ore,,purple,2,2,55570
622,冰,natural,,gray,2,2,1280
623,滴水石块,decoration;natural,,green,2,2,4326
624,方解石,natural,,gray,2,2,1212
625,绯红菌柄,natural,,gray,2,2,1260
626,绯红菌岩,natural,,gray,2,2,1188
627,浮冰,natural,,gray,2,2,1280
628,诡异菌柄,natural,,gray,2,2,1164
629,诡异菌岩,natural,,gray,2,2,1240
630,黑石,natural,,gray,2,2,1212
631,基岩,natural,,red,2,2,500000
632,菌光体,natural,,gray,2,2,1220
633,蓝冰,natural,,gray,2,2,1200
634,裂纹下界砖块,decoration;natural,,purple,2,2,44520
635,灵魂土,natural,,gray,2,2,1240
636,磨制玄武岩,natural,,gray,2,2,1164
637,泥巴,natural,,gray,2,2,1280
638,凝灰岩,natural,,gray,2,2,1272
639,平滑玄武岩,natural,,gray,2,2,1212
640,强化深板岩,decoration;natural,,green,2,2,4032
641,珊瑚块,natural;decoration,,green,2,2,4330
642,失活的珊瑚块,natural;decoration,,green,2,2,4242
643,镶金黑石,natural,,green,2,2,12960
644,玄武岩,natural,,gray,2,2,1188
645,幽匿块,decoration;magic;natural,,purple,2,2,189145
646,原木,natural,,gray,2,2,1310
647,雕刻过的南瓜,food,,gray,1,1,570
648,甘蔗,food,,gray,1,1,920
649,胡萝卜,food,,gray,1,1,640
650,火把花种子,natural;decoration;food,,gray,1,1,640
651,可可豆,food,,gray,1,1,590
652,可可果,food,,gray,1,1,590
653,马铃薯,food,,gray,1,1,636
654,南瓜,food,,gray,1,1,610
655,南瓜种子,food,,gray,1,1,600
656,瓶子草荚果,natural;food,,gray,1,1,620
657,甜菜根,food;natural,,gray,1,1,610
658,甜菜种子,food,,gray,1,1,600
659,西瓜,food,,gray,1,1,630
660,西瓜种子,food,,gray,1,1,620
661,下界疣,food,,blue,1,1,5820
662,小麦,food,,gray,1,1,570
663,小麦种子,food,,gray,1,1,618
664,竹子,natural;food,,gray,1,1,810
665,紫颂花,natural;food,,gray,1,1,618
666,紫颂植株,food,,gray,1,1,590
667,粉红凋灵,mob;magic,,red,4,4,1340640
668,红石虫,mob,,purple,2,2,58968
669,马,mob,,blue,2,3,21031
670,设德兰矮种马,mob,,blue,2,3,20039
671,钻石鸡,mob,,purple,2,2,59535
672,月球牛,mob,,blue,2,3,19642
673,豹猫,mob,,blue,2,2,15552
674,蝙蝠,mob,,blue,2,2,15552
675,炽足兽,mob,,blue,2,2,15552
676,村民,mob,,blue,2,2,16524
677,发光鱿鱼,mob,,blue,2,2,16362
678,鲑鱼,mob,,blue,2,2,16686
679,海龟,mob,,blue,2,2,17172
680,狐狸,mob,,blue,2,2,17172
681,鸡,mob,,blue,2,2,17172
682,僵尸马,mob,,blue,2,3,19047
683,蝌蚪,mob,,blue,2,2,15552
684,骷髅马,mob,,blue,2,3,19642
685,快乐恶魂,mob,,blue,4,4,34344
686,流浪商人,mob,,blue,2,2,16524
687,驴,mob,,blue,2,2,16362
688,骡,mob,,blue,2,2,15228
689,骆驼,mob,,blue,2,3,18849
690,猫,mob,,blue,2,2,17172
691,美西螈,mob,,blue,2,2,16038
692,绵羊,mob,,blue,2,3,20238
693,哞菇,mob,,blue,2,2,15714
694,牛,mob,,blue,2,3,21031
695,青蛙,mob,,blue,2,2,15876
696,犰狳,mob,,blue,2,2,15390
697,兔子,mob,,blue,2,2,16686
698,嗅探兽,mob,,blue,2,2,16686
699,鳕鱼,mob,,green,2,2,6010
700,鹦鹉,mob,,blue,2,2,15714
701,鱿鱼,mob,,blue,2,2,15876
702,悦灵,mob,,blue,2,2,16848
703,猪,mob,,blue,2,3,20833
704,书,book,,gray,1,1,2426
705,燧石,decoration,,green,2,2,3990
706,糖,food,,gray,1,1,642
707,铁锭,ore,,green,1,1,3200
708,铁粒,ore,,green,1,1,2807
709,兔子皮,decoration,,green,2,2,4368
710,碗,decoration,,green,2,2,4326
711,下界石英,ore,,purple,1,1,27783
712,下界之星,magic,,gold,2,3,665000
713,线,decoration,,green,2,2,4452
714,雪球,decoration,,green,2,2,4158
715,烟花火箭,equipment;natural,,green,2,2,5727
716,烟火之星,decoration,,green,2,2,4074
717,鹦鹉螺壳,decoration,,green,2,2,4284
718,荧石粉,decoration,,gray,1,1,1995
719,羽毛,decoration,,gray,1,1,2079
720,纸,decoration,,gray,2,2,1188
721,钻石,ore,,purple,1,1,30051
722,凋灵骷髅,mob;magic,,red,4,4,1409040
723,蠹虫,mob,,blue,2,2,16362
724,恶魂,mob,,blue,4,4,34344
725,嘎枝,mob,,blue,2,2,15228
726,幻翼,mob,,blue,2,2,17010
727,唤魔者,mob;magic,,gold,3,3,588846
728,鸡骑士,mob,,purple,2,2,58401
729,监守者,mob,,gold,4,4,366660
730,僵尸,mob,,blue,2,2,15714
731,僵尸村民,mob,,blue,2,2,17010
732,僵尸疣猪兽,mob,,blue,2,3,19444
733,焦骸,mob,,blue,2,2,17172
734,劫掠兽,mob,,blue,4,4,32400
735,骷髅,mob,,blue,2,2,16200
736,骷髅骑手,mob;book,,blue,2,2,17010
737,苦力怕,mob,,blue,2,2,16200
738,烈焰人,mob;magic,,gold,4,2,571002
739,流浪者,mob,,blue,2,2,15390
740,掠夺者,mob,,blue,2,2,17172
741,末影螨,mob;magic,,gold,4,3,460726
742,恼鬼,mob,,blue,2,2,17172
743,溺尸,mob,,blue,2,2,16200
744,女巫,mob,,blue,2,2,17172
745,潜影贝,mob,,blue,2,2,15714
746,闪电苦力怕,mob,,blue,2,2,16686
747,尸壳,mob,,blue,2,2,16524
748,史莱姆,mob,,blue,2,2,15714
749,守卫者,mob,,blue,2,2,15552
750,卫道士,mob,,blue,2,2,16848
751,旋风人,mob,,blue,2,2,17172
752,岩浆怪,mob,,blue,2,2,15714
753,疣猪兽,mob,,blue,2,3,18849
754,远古守卫者,mob,,blue,2,2,15390
755,沼骸,mob,,blue,2,2,15228
756,蜘蛛骑士,mob,,purple,2,3,71526
757,猪灵蛮兵,mob,,blue,2,3,20039
758,被激活的TNT,tech,,blue,2,2,17922
759,凋灵之首,magic;mob,,red,4,3,1529470
760,经验球,decoration,,green,2,2,3990
761,末影龙火球,magic,,red,2,5,1483586
762,闪电束,decoration,,green,2,2,4410
763,拴绳结,tool,,green,2,2,4935
764,雕纹书架,book;decoration,,green,1,1,2426
765,红砖块,decoration,,green,2,2,4158
766,染色陶瓦,decoration,,green,2,2,4074
767,书架,book;decoration,,green,1,1,2218
768,台阶,decoration,,gray,1,1,2226
769,苔石,decoration,,green,2,2,4158
770,雪块,decoration,,green,2,2,4368
771,岩浆块,decoration,,green,2,2,4200
772,羊毛,decoration,,green,2,2,4200
773,荧石,decoration,,green,2,2,4326
774,圆石,decoration,,gray,2,2,1248
775,紫珀块,decoration,,green,2,2,4032
776,紫珀柱,decoration,,gray,2,1,2821
777,幻术师,mob,,blue,2,2,15552
778,巨人,mob,,blue,4,4,32724
779,杀手兔,mob;book,,blue,2,2,16038
780,山羊,mob,,blue,2,3,21031
781,铁傀儡,mob,,blue,2,2,15552
782,铜傀儡,mob,,blue,2,2,15714
783,雪傀儡,mob,,blue,2,2,16686
784,刷怪笼矿车,mob,,blue,2,3,93000
785,北极熊,mob,,blue,2,3,19444
786,洞穴蜘蛛,mob,,blue,2,3,18849
787,海豚,mob,,blue,2,3,19841
788,僵尸鹦鹉螺,mob,,blue,2,2,15714
789,僵尸猪灵,mob,,blue,2,3,20238
790,狼,mob,,blue,2,2,15876
791,蜜蜂,mob,,blue,2,2,15714
792,末影人,mob;magic,,gold,3,2,658350
793,行商羊驼,mob,,blue,2,3,21031
794,熊猫,mob,,blue,2,3,20635
795,羊驼,mob,,blue,2,3,20436
796,鹦鹉螺,mob,,blue,2,2,15228
797,蜘蛛,mob,,blue,2,3,21031
798,猪灵,mob,,blue,2,3,19642
799,凋灵,mob;magic,,red,4,4,1326960
800,末影龙,mob;magic,,red,5,5,1812600
801,丛林神庙,multiblock;decoration,,purple,4,4,163170
802,海底神殿,multiblock;decoration,,purple,5,5,205905
803,林地府邸,multiblock;decoration,,purple,5,5,202020
804,末地传送门,multiblock;decoration;magic,,red,4,5,1529470
805,沙漠神殿,multiblock;decoration,,purple,5,5,198135
806,下界传送门,multiblock;decoration;magic,,red,4,5,1560060
807,下界要塞,multiblock;decoration,,gold,5,5,660450
808,雪屋,multiblock;decoration,,purple,4,4,152292
809,沼泽小屋,multiblock;decoration,,purple,4,4,161616
810,潮涌核心结构,multiblock;magic,,red,4,5,1544765
811,大角山羊,mob,,blue,2,3,20039
812,谜题羊,mob,,blue,2,3,20039
813,企鹅,mob,,blue,2,2,16200
814,松鼠,mob,,blue,2,2,16362
815,乌鸦,mob,,blue,2,2,15552
816,小鸟,mob,,blue,2,2,16524
817,小兔子,mob,,blue,2,2,16362
818,野鹿,mob,,blue,2,3,19642
819,野猪,mob,,blue,2,3,18849
820,炽热的血液,magic,,purple,2,2,84588
821,炽热之泪,magic,,purple,2,2,79002
822,炽铁锭,ore,,purple,1,1,26649
823,处理过的皮革,loot,,blue,1,1,10908
824,锻铁锭,ore,,green,1,1,2892
825,钢叶,decoration,,green,2,2,11760
826,皇帝布帛,decoration,,green,2,2,4410
827,活根,natural,,gray,2,2,1188
828,火炬浆果,decoration,,green,2,2,4326
829,极地毛皮,loot,,blue,2,2,20736
830,金矿莓,ore;food,,green,1,1,8100
831,立方护符,decoration,,green,2,2,4368
832,绿宝石矿莓,ore;food;decoration,,purple,1,1,26649
833,迷宫地图核心,tool;magic,,gold,3,3,576950
834,迷宫黏液球,magic,,purple,2,2,76608
835,魔法地图核心,tool;magic,,gold,2,4,559106
836,娜迦鳞片,loot;magic,,red,4,3,1395360
837,骑士金属锭,ore,,blue,1,1,8424
838,骑士金属环,ore,,blue,3,2,54999
839,鞣剂,decoration,,green,2,2,4452
840,鞣制皮革,loot,,blue,1,1,11124
841,三化螟精华,decoration,,green,2,2,4200
842,砷铅铁矿石,ore;decoration,,green,2,2,7938
843,生铁树原料,ore,,blue,1,1,16038
844,铁矿莓,ore;food,,green,1,1,2778
845,铁树锭,ore,,blue,1,1,7857
846,铜矿莓,ore;food,,green,1,1,2807
847,王冠碎片,ore;equipment;loot,,gold,2,3,293204
848,乌鸦羽毛,loot,,blue,1,1,10908
849,雪怪首领毛皮,loot,,blue,2,2,76356
850,装甲碎片,ore;loot,,purple,1,1,190890
851,装甲碎片堆,ore;loot,,purple,1,1,179190
852,冰精灵,mob,,blue,2,2,16524
853,冰雪守卫,mob,,blue,2,2,16524
854,洞穴巨魔,mob;magic,,gold,3,4,571002
855,恶狼,mob,,blue,2,2,17010
856,高塔螟,mob,,blue,2,2,15876
857,高塔幽灵,mob,,blue,2,2,17010
858,哥布林骑士,mob,,purple,2,2,58968
859,狗头人,mob,,blue,2,2,16038
860,国王蜘蛛,mob,,blue,2,3,19246
861,寒冬狼,mob,,blue,2,2,16848
862,红帽地精,mob,,blue,2,2,17010
863,红帽哥布林,mob,,blue,2,2,16200
864,集群蜘蛛,mob,,blue,2,3,20039
865,寄居蟹,mob,,blue,2,2,16686
866,寄生虫,mob,,blue,2,2,16200
867,夹虫,mob,,blue,2,2,15228
868,巨人矿工,mob,,blue,4,4,134980
869,骷髅德鲁伊,mob,,blue,2,2,16686
870,链锤哥布林,mob,,blue,3,2,21031
871,迷宫史莱姆,mob;magic,,gold,2,4,588846
872,迷你幽灵,mob,,blue,2,2,15876
873,迷雾狼,mob,,blue,2,2,16686
874,米诺陶,mob,,blue,2,2,15390
875,喷火甲虫,mob,,blue,2,2,16362
876,破碎冰精灵,mob,,blue,2,2,16686
877,砷铅铁傀儡,mob,,blue,2,2,15390
878,树篱蜘蛛,mob,,blue,2,3,21031
879,死灵书,mob;book,,blue,2,2,17172
880,蚊群,mob,,blue,2,2,17172
881,武装巨人,mob,,blue,4,4,138989
882,雪怪,mob,,blue,2,2,16362
883,幽灵,mob,,blue,2,2,15714
884,粘液甲虫,mob,,blue,2,2,16362
885,保管符咒 I,tool;magic,,gold,3,4,535711
886,保管符咒 II,tool;magic,,gold,3,2,588846
887,保管符咒 III,tool;magic,,gold,4,2,559106
888,炽铁镐,tool;magic,,red,3,2,862857
889,大型药水瓶,tool;magic,,purple,2,2,185576
890,钢叶铲,tool;magic,,gold,3,1,228059
891,钢叶锄,tool;magic,,gold,4,1,618586
892,钢叶斧,tool;magic,,gold,3,2,309493
893,钢叶镐,tool;magic,,gold,3,2,332298
894,巨人镐,tool;magic,,purple,3,2,342071
895,空白迷宫_矿石地图,ore;tool;decoration;magic,,gold,3,5,684950
896,空白迷宫地图,tool;magic,,purple,2,2,174869
897,空白魔法地图,tool;magic,,purple,2,2,189525
898,孔雀羽扇,tool;magic,,purple,2,2,209475
899,矿石磁铁,ore;tool;decoration;magic,,gold,3,4,582898
900,矿石感应仪,ore;tool;decoration;magic,,gold,2,3,437689
901,链锤,tool;magic,,purple,3,2,103599
902,迷宫_矿石地图,ore;tool;decoration;magic,,gold,5,4,600742
903,迷宫地图,tool;magic,,purple,2,2,171301
904,迷宫破坏者,tool;magic,,purple,2,2,402990
905,魔豆,tool;magic,,purple,2,2,131307
906,魔法地图,tool;magic,,purple,2,2,119625
907,骑士盾,tool;equipment;magic,,red,3,2,787462
908,生命符咒 I,tool;magic,,gold,4,3,530560
909,生命符咒 II,tool;magic,,gold,2,5,521360
910,尸化精华,tool;magic,,purple,2,2,119866
911,塔钥匙,tool;loot;magic,,red,3,4,1812600
912,铁树铲,tool;magic,,gold,3,1,237274
913,铁树锄,tool;magic,,gold,4,1,565054
914,铁树斧,tool;magic,,gold,3,2,322524
915,铁树镐,tool;magic,,gold,3,2,345329
916,兔子的怀表,tool;magic,,purple,2,2,191520
917,瓦解之号角,tool;magic,,purple,2,2,180223
918,湮灭立方,tool;magic,,gold,2,2,479155
919,易碎药水瓶,tool;magic,,purple,2,2,174869
920,余烬之灯,tool;decoration;magic,,gold,4,5,565054
921,月光蠕虫女王,tool;magic,,purple,2,2,132689
922,月相罗盘,tool;magic,,purple,2,2,182007
923,转换粉,ore;tool;magic,,gold,5,2,618586
924,被包裹的烟雾,magic,,purple,2,2,79002
925,变化树心脏,magic,,purple,2,2,82992
926,恶魂陷阱,magic,,purple,2,2,80598
927,反建方块,decoration;magic,,purple,2,2,128698
928,反建器,magic,,purple,2,2,75810
929,肥沃泥土,decoration;magic,,blue,2,2,21888
930,分类树引擎,magic,,purple,2,2,78204
931,粉红色城堡门,decoration;magic,,purple,3,2,96757
932,高塔建设者,magic,,purple,2,2,82992
933,黄色城堡门,decoration;magic,,purple,3,2,101644
934,火焰喷射,magic,,purple,2,2,81396
935,火焰喷射方块,decoration;magic,,purple,2,2,142364
936,矿石树核心,ore;decoration;magic,,gold,5,3,665000
937,蓝色城堡门,decoration;magic,,purple,3,2,100667
938,晾干架,decoration;magic,,purple,2,2,126175
939,砷铅铁反应堆,magic,,gold,4,5,582898
940,时光树时钟,magic,,purple,2,2,79002
941,消失的城堡门,decoration;magic,,purple,3,2,100667
942,烟雾方块,decoration;magic,,purple,2,2,148351
943,要塞护盾,equipment;magic,,gold,3,2,332298
944,紫色城堡门,decoration;magic,,purple,3,2,93825
945,拆解台,decoration,,green,2,2,4116
946,遗物匣,decoration;loot;magic,,red,4,5,1544765
947,战利品宝座,decoration;loot,,gold,2,2,314808
948,变化木板,decoration;natural,,gray,1,1,1236
949,变化树树叶,decoration;natural,,gray,2,2,1164
950,彩虹橡树叶,decoration;natural,,gray,2,2,1200
951,苍穹木板,decoration;natural,,gray,1,1,1128
952,苍穹木窗户,decoration,,green,3,2,4887
953,苍穹木书架,book;decoration,,green,1,1,2195
954,苍穹树叶,decoration;natural,,gray,2,2,1164
955,炽热金属块,decoration;magic,,gold,4,3,494503
956,虫蛀塔木,decoration,,green,2,2,4116
957,翠绿荆棘,decoration;natural,,green,2,2,4326
958,地下砖,decoration,,green,2,2,4242
959,雕纹苍穹木书架,book;decoration,,green,1,1,2402
960,对角陶瓦,decoration,,green,2,2,3990
961,分类木板,decoration;natural,,gray,1,1,1128
962,分类树树叶,decoration;natural,,gray,2,2,1212
963,粉红色城堡符文砖,decoration,,green,2,2,4242
964,风化的娜迦石柱,decoration;magic,,gold,5,3,638400
965,风化的蚀刻娜迦石,decoration;magic,,gold,3,5,645050
966,风化死岩,decoration,,green,2,2,4200
967,钢叶块,decoration,,green,2,2,11640
968,根茎,decoration;natural,,green,2,2,4032
969,黑木木板,decoration;natural,,gray,1,1,1176
970,黑树树叶,decoration;natural,,gray,2,2,1200
971,红木板,decoration;natural,,gray,1,1,1152
972,黄色城堡符文砖,decoration,,green,2,2,4452
973,极地毛皮块,decoration;loot,,purple,2,2,71820
974,极光玻璃,decoration,,gray,2,2,11760
975,极光方块,decoration,,green,2,2,11280
976,极光柱,decoration,,green,2,1,8825
977,荆棘,decoration;natural,,green,2,2,4326
978,荆棘玫瑰,decoration;natural,,green,2,2,4158
979,荆棘叶,decoration;natural,,green,2,2,3990
980,巨魔岩石,decoration;magic,,purple,2,2,143746
981,矿石木板,ore;decoration;natural,,green,1,1,2863
982,矿石树树叶,ore;decoration;natural,,green,1,1,2693
983,栏杆,decoration,,green,2,2,4410
984,蓝色城堡符文砖,decoration,,green,2,2,4410
985,裂纹死岩,decoration,,green,2,2,4368
986,螺纹石,decoration,,green,2,2,4116
987,螺纹石柱,decoration,,gray,2,1,2851
988,螺旋石砖,decoration,,green,2,2,4032
989,迷宫黏液块,decoration;magic,,purple,2,2,113983
990,暮色橡木板,decoration;natural;magic,,purple,1,1,37905
991,暮色橡木木材,decoration;natural;magic,,purple,2,2,167580
992,暮色橡木树叶,decoration;natural;magic,,purple,2,2,82194
993,娜迦石,decoration;magic,,gold,5,4,576950
994,娜迦石头部,decoration;magic,,gold,4,4,588846
995,娜迦石柱,decoration;magic,,gold,2,3,437689
996,娜迦苔石柱,decoration;magic,,gold,3,2,416377
997,抛光地下砖,decoration,,gray,2,2,3948
998,破裂塔木,decoration,,green,2,2,4452
999,破碎遗迹石砖,decoration,,green,2,2,4200
1000,青苔地下砖,decoration,,green,2,2,4326
1001,青苔塔木,decoration,,green,2,2,4452
1002,去皮暮色橡木木材,decoration;natural;magic,,purple,2,2,185576
1003,去皮暮色橡木原木,decoration;natural;magic,,purple,2,2,187530
1004,圈状陶瓦,decoration,,green,2,2,4326
1005,烧焦荆棘,decoration;natural,,green,2,2,4032
1006,砷铅铁块,decoration,,green,2,2,4032
1007,时光木板,decoration;natural,,gray,1,1,1128
1008,时光树树叶,decoration;natural,,gray,2,2,1212
1009,蚀刻娜迦石,decoration;magic,,gold,5,5,638400
1010,蚀刻娜迦苔石,decoration;magic,,gold,4,4,594794
1011,树篱,decoration,,gray,2,2,3948
1012,死岩,decoration,,green,2,2,4074
1013,碎裂地下砖,decoration,,green,2,2,4284
1014,塔树板箱,decoration,,green,2,2,4242
1015,塔树木板,decoration;natural,,gray,1,1,1152
1016,铁树块,decoration,,blue,2,2,12120
1017,遗迹石方块,decoration,,green,2,2,4326
1018,遗迹石头,decoration,,gray,2,2,1164
1019,遗迹石沿,decoration,,green,2,2,3990
1020,遗迹石砖,decoration,,green,2,2,4158
1021,遗迹苔石砖,decoration,,green,2,2,4326
1022,錾制遗迹石头,decoration,,gray,2,2,1236
1023,装饰遗迹石砖,decoration,,green,2,2,4074
1024,紫色城堡符文砖,decoration,,green,2,2,4116
1025,变化树原木,decoration;natural,,green,2,2,4284
1026,苍穹木,decoration,,green,2,2,4452
1027,分类树原木,decoration;natural,,green,2,2,4452
1028,黑木,decoration,,green,2,2,4410
1029,红木,decoration,,green,2,2,3990
1030,矿石树原木,ore;decoration;natural,,green,1,1,2835
1031,时光树原木,decoration;natural,,green,2,2,4452
1032,旅行者日记,book,,gray,1,1,2287
1033,浆果拼盘,food,,gray,1,1,1236
1034,九头蛇肉排,food;magic,,red,2,3,1232112
1035,鹿肉排,food,,gray,1,1,1140
1036,鹿仙贝,food,,gray,1,1,1236
1037,迷宫薄饼,food;magic,,purple,1,1,41895
1038,黏胶迷宫史莱姆液滴,food;magic,,purple,1,1,39102
1039,黏胶史莱姆液滴,food,,gray,1,1,1152
1040,牛头人肉排,food,,gray,1,1,1248
1041,牛头人沙拉酱肉,food,,gray,1,1,1272
1042,肉干,food,,gray,1,1,1128
1043,生鹿肉,food,,gray,1,1,1236
1044,生牛头人肉,food,,gray,1,1,1188
1045,试验物品 115,food,,gray,1,1,1140
1046,苔藓汤,food;natural,,gray,1,1,1140
1047,下界莓_2,food,,green,1,1,4410
1048,下界莓_3,food,,green,1,1,4452
1049,下界莓_4,food,,green,1,1,3948
1050,下界莓,food,,green,1,1,2163
1051,主世界莓_2,food,,gray,1,1,4074
1052,主世界莓_3,food,,gray,1,1,4116
1053,主世界莓_4,food,,gray,1,1,4158
1054,主世界莓,food,,gray,1,1,1995
1055,变化树树苗,natural,,gray,2,1,840
1056,彩虹树树苗,natural,,gray,2,1,806
1057,苍穹树树苗,natural,,gray,2,1,874
1058,分类树树苗,natural,,gray,2,1,874
1059,高大暮色橡树树苗,natural;magic,,purple,2,1,57556
1060,黑树树苗,natural,,gray,2,1,865
1061,红树树苗,natural,,gray,2,1,891
1062,矿石树树苗,ore;decoration;natural,,green,2,1,3889
1063,暮色橡树树苗,natural;magic,,purple,2,1,58684
1064,时光树树苗,natural,,gray,2,1,874
1065,探险家笔记,book,,gray,1,1,2287
1066,城堡守卫,mob,,blue,2,2,16686
1067,信徒,mob,,blue,2,2,15228
1068,先兆立方,mob,,blue,2,2,15876
1069,冰霜炸弹,equipment;magic,,gold,5,5,638400
1070,玻璃剑,equipment;decoration;magic,,gold,3,1,228059
1071,不新鲜的面包,equipment;food;magic,,gold,3,5,499654
1072,炽铁剑,equipment;magic,,red,3,1,586438
1073,钢叶剑,equipment;magic,,gold,3,1,225756
1074,寒冰弓,equipment;magic,,gold,3,2,306235
1075,寒冰剑,equipment;magic,,gold,3,1,239577
1076,护盾权杖,equipment;magic,,gold,3,2,309493
1077,黄昏权杖,equipment;magic,,gold,3,2,332298
1078,僵尸权杖,equipment;magic,,gold,3,2,332298
1079,金米诺陶战斧,tool;equipment;magic,,red,3,2,787462
1080,巨人剑,equipment;magic,,gold,3,1,232666
1081,末影弓,equipment;magic,,gold,3,2,319266
1082,骑士斧,tool;equipment;magic,,red,3,2,846103
1083,骑士镐,tool;equipment;magic,,red,3,2,795839
1084,骑士剑,equipment;magic,,gold,3,1,239577
1085,三发弓,equipment;magic,,gold,3,2,325782
1086,铁树剑,equipment;magic,,gold,3,1,234970
1087,吸血权杖,equipment;magic,,gold,3,2,345329
1088,追踪弓,equipment;magic,,gold,3,2,316009
1089,钻石米诺陶战斧,tool;equipment;decoration;magic,,red,3,2,837725
1090,忠诚的僵尸,mob,,blue,2,2,15390
1091,冰雪女王战利品,loot;magic,,red,2,4,1243959
1092,幻影骑士战利品,loot;magic,,red,3,2,1172876
1093,九头蛇战利品,loot;magic,,red,4,2,1184723
1094,谜题羊战利品,loot;magic,,red,3,5,1271578
1095,米诺菇战利品,loot;magic,,red,5,3,1422720
1096,暮色恶魂战利品,loot;magic,,red,3,4,1161028
1097,娜迦战利品,loot;magic,,red,4,4,1422720
1098,巫妖战利品,loot;magic,,red,3,5,1483586
1099,雪怪首领战利品,loot;magic,,red,5,2,1468292
1100,根须,natural,,gray,2,2,1140
1101,鬼臼果,natural,,gray,2,2,1272
1102,火炬浆果植物,natural,,gray,2,2,1188
1103,巨魔莓,food;natural;magic,,blue,1,1,10716
1104,巨魔藤蔓,natural;magic,,purple,2,2,76608
1105,巨型荷花,natural,,gray,2,2,1224
1106,巨型睡莲,natural,,gray,2,2,1188
1107,枯死的灌木,natural,,gray,2,2,1272
1108,矿莓丛,ore;food;natural,,gray,1,1,2693
1109,林地草,natural,,gray,2,2,1152
1110,落叶,natural,,gray,2,2,1200
1111,没熟的巨魔莓,food;natural;magic,,blue,1,1,11400
1112,暮色森林蕨类,natural;magic,,purple,2,2,79002
1113,暮色森林苔藓,natural;magic,,purple,2,2,81396
1114,三叶草,natural,,gray,2,2,1188
1115,下界莓丛,food;natural,,green,1,1,4368
1116,荧光蘑菇,natural,,gray,2,2,1188
1117,主世界莓丛,food;natural,,gray,1,1,4032
1118,炽铁护腿,equipment,,gold,3,2,245365
1119,炽铁头盔,equipment,,gold,2,3,217588
1120,炽铁胸甲,equipment,,gold,3,3,300510
1121,炽铁靴子,equipment,,gold,2,3,217588
1122,钢叶护腿,equipment,,purple,3,2,72915
1123,钢叶头盔,equipment,,purple,2,3,73610
1124,钢叶胸甲,equipment,,purple,3,3,89303
1125,钢叶靴,equipment,,purple,2,3,72221
1126,幻影头盔,equipment;magic,,gold,2,3,332298
1127,幻影胸甲,equipment;magic,,gold,3,3,402990
1128,极地风帽,equipment,,green,2,3,6528
1129,极地护腿,equipment,,green,3,2,7153
1130,极地皮衣,equipment,,green,3,3,7995
1131,极地靴子,equipment,,green,2,3,7222
1132,旅行者护目镜,equipment,,green,3,2,7222
1133,旅行者马甲,equipment,,green,3,3,8930
1134,旅行者手套,book;equipment,,blue,2,2,15228
1135,旅行者靴子,equipment,,green,2,3,7153
1136,旅行者腰带,equipment,,green,3,2,6528
1137,旅行者之翼,equipment,,green,2,2,5443
1138,娜迦护腿,equipment;magic,,red,3,2,862857
1139,娜迦胸甲,equipment;magic,,red,3,3,1056780
1140,骑士护腿,equipment,,purple,3,2,68054
1141,骑士头盔,equipment,,purple,2,3,68749
1142,骑士胸甲,equipment,,purple,3,3,83349
1143,骑士靴,equipment,,purple,2,3,67360
1144,神秘王冠,equipment,,green,2,3,6597
1145,铁树护腿,equipment,,purple,3,2,66665
1146,铁树头盔,equipment,,purple,2,3,67360
1147,铁树胸甲,equipment,,purple,3,3,81648
1148,铁树靴,equipment,,purple,2,3,65971
1149,雪怪护腿,equipment,,green,3,2,6597
1150,雪怪角盔,equipment,,green,2,3,7014
1151,雪怪皮衣,equipment,,green,3,3,8420
1152,雪怪靴子,equipment,,green,2,3,6667
1153,玻璃罐,decoration,,gray,2,2,1200
1154,苍穹木窗户板,decoration,,green,3,2,4938
1155,蝉,decoration,,green,2,2,3990
1156,蝉罐子,decoration,,gray,2,1,2910
1157,凋零骷髅头颅饰台,decoration,,green,2,2,4200
1158,锻铁栅栏,decoration,,green,2,1,3000
1159,红线,decoration,,green,2,2,4284
1160,加冕仪式地毯,decoration,,gray,1,1,2226
1161,僵尸头颅饰台,decoration,,green,2,2,4368
1162,空心原木,decoration;natural,,green,2,2,4326
1163,骷髅头颅饰台,decoration,,gray,2,2,3948
1164,苦力怕头颅饰台,decoration,,gray,2,2,3948
1165,铁梯子,decoration,,green,2,1,3148
1166,头颅箱子,decoration,,green,2,2,3948
1167,玩家头颅饰台,decoration,,green,2,2,4032
1168,萤火虫,decoration,,green,2,2,4452
1169,萤火虫罐子,decoration,,gray,2,1,2851
1170,萤火粒子罐,decoration,,green,2,2,4074
1171,月光蠕虫,decoration;magic,,purple,2,2,152987
1172,猪灵头颅饰台,decoration,,green,2,2,4452
1173,烛台,decoration,,gray,2,1,2910
1174,冰雪女王,mob;magic,,red,4,4,1326960
1175,幻影骑士,mob;magic,,gold,5,5,691600
1176,九头蛇,mob;magic,,red,5,5,1795500
1177,米诺菇,mob;magic,,red,5,4,1468292
1178,暮色恶魂,mob;magic,,red,4,4,1409040
1179,娜迦,mob;magic,,red,3,5,1271578
1180,巫妖,mob;magic,,red,4,4,1560060
1181,巫妖的仆从,mob;magic,,red,3,5,1727100
1182,雪怪首领,mob;magic,,gold,4,4,537320
1183,黑曜石TNT,decoration;tech,,blue,2,2,16356
1184,钚球,tech,,blue,2,2,18270
1185,传送核心,tech,,purple,2,2,90514
1186,纯净的锇浆液,tech,,purple,2,2,129368
1187,纯净的金浆液,tech,,purple,2,2,110756
1188,纯净的铅浆液,tech,,blue,2,2,16356
1189,纯净的铁浆液,tech,,purple,2,2,62727
1190,纯净的铜浆液,tech,,purple,2,2,63336
1191,纯净的锡浆液,tech,,blue,2,2,16530
1192,纯净的铀浆液,tech,,blue,2,2,17748
1193,粗锇,decoration,,green,2,2,11520
1194,粗氟石晶体,decoration,,green,2,2,4200
1195,粗铅,decoration,,green,2,2,3990
1196,粗锡,decoration,,green,2,2,4032
1197,粗铀,decoration,,green,2,2,4326
1198,电解核心,tech,,purple,2,2,117932
1199,锇锭,ore,,blue,1,1,7938
1200,锇粉,ore,,blue,1,1,7695
1201,锇晶体,tech,,purple,2,2,105482
1202,锇块,decoration;tech,,purple,2,2,120291
1203,锇矿石 - 安山岩,ore;decoration,,blue,1,1,16848
1204,锇矿石 - 花岗岩,ore;decoration;natural,,blue,1,1,16848
1205,锇矿石 - 闪长岩,ore;decoration,,blue,1,1,17172
1206,锇矿石,ore;decoration,,blue,2,2,16848
1207,锇矿物碎块,decoration;tech,,purple,2,2,120291
1208,锇粒,ore,,blue,1,1,8424
1209,锇碎块,decoration;tech,,purple,2,2,120291
1210,锇碎片,ore;loot;tech,,red,3,3,1066250
1211,反物质球,tech,,blue,2,2,203000
1212,方铅矿石,ore;decoration,,green,2,2,8505
1213,氟石,decoration;tech,,purple,2,2,83542
1214,氟石粉,ore;decoration,,green,1,1,2892
1215,富集红石,decoration;tech,,purple,2,2,123018
1216,富集金,tech,,purple,2,2,118146
1217,富集强化黑曜石,decoration;tech,,purple,2,2,147683
1218,富集碳,tech,,blue,2,2,17748
1219,富集铁,tech,,purple,2,2,57855
1220,富集锡,tech,,purple,2,2,60900
1221,富集钻石,decoration;tech,,gold,2,5,362155
1222,钢锭,ore,,blue,1,1,8181
1223,钢粉,ore,,blue,1,1,7938
1224,钢粒,ore,,green,1,1,7614
1225,钢质机壳,tech,,purple,2,2,143115
1226,高级控制电路,tech,,purple,1,1,121470
1227,高密度聚乙烯棒,tech,,blue,2,2,18096
1228,高密度聚乙烯棍,tech,,blue,2,2,17226
1229,高密度聚乙烯片,tech,,blue,2,2,16356
1230,高密度聚乙烯丸,tech,,blue,2,2,18444
1231,灌注合金,ore;tech,,gold,1,1,393820
1232,黑曜石粉,ore;decoration,,green,1,1,2835
1233,黄铀锭,ore,,green,1,1,2778
1234,黄铀块,decoration;tech,,purple,2,2,62118
1235,黄铀矿石,ore;decoration,,green,2,2,5897
1236,基础控制电路,tech,,purple,1,1,31973
1237,基片,tech,,blue,2,2,18270
1238,金粉,ore,,blue,1,1,8505
1239,金晶体,tech,,purple,2,2,132091
1240,金碎块,decoration;tech,,purple,2,2,134815
1241,金碎片,ore;loot;tech,,red,3,2,1178487
1242,精英控制电路,tech,,gold,3,4,502425
1243,锯末,tech,,blue,2,2,17226
1244,锂粉,ore,,green,1,1,2920
1245,硫粉,ore,,green,1,1,2920
1246,绿宝石粉,ore;decoration,,purple,1,1,112266
1247,氯化氢,tech,,blue,2,2,18444
1248,煤粉,ore,,green,1,1,2778
1249,木炭粉,ore,,green,1,1,2892
1250,钋球,tech,,blue,2,2,17922
1251,铅锭,ore,,green,1,1,2750
1252,铅粉,ore,,green,1,1,2665
1253,铅晶体,tech,,blue,2,2,17226
1254,铅块,decoration;tech,,purple,2,2,153773
1255,铅矿石,ore;decoration,,green,2,2,8343
1256,铅粒,ore,,green,1,1,2920
1257,铅碎块,decoration;tech,,purple,2,2,75333
1258,铅碎片,ore;loot;tech,,gold,4,2,592200
1259,强化合金,ore;tech,,gold,1,1,400970
1260,强化黑曜石锭,ore;decoration,,blue,1,1,7695
1261,强化黑曜石粉,ore;decoration,,blue,1,1,8505
1262,强化黑曜石粒,ore;decoration,,blue,1,1,8181
1263,强化荧石锭,ore;decoration,,blue,1,1,8343
1264,强化荧石粒,ore;decoration,,blue,1,1,7776
1265,青金石粉,ore;decoration,,blue,1,1,8424
1266,青铜锭,ore,,blue,1,1,8505
1267,青铜粉,ore,,blue,1,1,8262
1268,青铜粒,ore,,blue,1,1,7938
1269,染料基础,tech,,green,2,2,17922
1270,生物燃料,tech,,blue,2,2,17052
1271,石英粉,ore;decoration,,green,1,1,2665
1272,太阳能板,decoration;tech,,purple,1,1,31668
1273,铁粉,ore,,green,1,1,2920
1274,铁晶体,tech,,blue,2,2,16530
1275,铁碎块,decoration;tech,,purple,2,2,83542
1276,铁碎片,ore;loot;tech,,gold,2,5,580394
1277,铜粉,ore,,green,1,1,2948
1278,铜晶体,tech,,blue,2,2,16704
1279,铜矿石碎块,ore;decoration,,green,1,1,8019
1280,铜碎块,decoration;tech,,purple,2,2,73095
1281,铜碎片,ore;loot;tech,,gold,5,4,586029
1282,污浊锇粉,ore,,blue,1,1,8100
1283,污浊金粉,ore,,blue,1,1,7857
1284,污浊铅粉,ore,,green,1,1,2807
1285,污浊铁粉,ore,,green,1,1,2693
1286,污浊铜粉,ore,,green,1,1,2722
1287,污浊锡粉,ore,,green,1,1,2835
1288,污浊下界合金碎片,ore;loot;tech,,red,3,2,817444
1289,污浊铀粉,ore,,green,1,1,2665
1290,锡锭,ore,,green,1,1,2778
1291,锡粉,ore,,green,1,1,2693
1292,锡晶体,tech,,purple,2,2,60900
1293,锡块,decoration;tech,,purple,2,2,138900
1294,锡矿石,ore;decoration,,green,2,2,8424
1295,锡矿石碎块,ore;decoration,,green,1,1,8343
1296,锡粒,ore,,green,1,1,2948
1297,锡碎块,decoration;tech,,purple,2,2,138900
1298,锡碎片,ore;loot;tech,,gold,4,4,535315
1299,下界合金粉,ore,,red,1,1,238140
1300,盐,tech,,blue,2,2,17922
1301,氧气,tech,,blue,2,2,16530
1302,萤石,decoration;tech,,blue,2,2,16878
1303,铀锭,ore,,green,1,1,2977
1304,铀粉,ore,,green,1,1,2892
1305,铀黄饼,tech,,blue,2,2,16704
1306,铀晶体,tech,,blue,2,2,16356
1307,铀块,decoration;tech,,blue,2,2,16704
1308,铀矿石,ore;decoration,,green,2,2,5557
1309,铀粒,ore,,green,1,1,2778
1310,铀碎块,decoration;tech,,blue,2,2,16704
1311,铀碎片,ore;loot;tech,,gold,5,5,642600
1312,原子合金,ore;tech,,red,5,3,1239750
1313,再处理裂变碎片,ore;loot;tech,,red,2,5,983595
1314,终极控制电路,tech,,gold,2,5,381315
1315,钻石粉,ore;decoration,,purple,1,1,107603
1316,块of铅,decoration;tech,,purple,2,2,129108
1317,铜块,decoration;tech,,purple,2,2,89523
1318,超临界移相器端口,multiblock;tech,,red,5,5,1748250
1319,超临界移相器外壳,multiblock;tech,,red,5,5,1565100
1320,增压线圈,multiblock;tech,,gold,4,4,486920
1321,机器人,mob;tech,,gold,2,3,253596
1322,创造化学品储罐,decoration;tech,,red,3,3,1200970
1323,创造箱柜,decoration;tech,,red,3,4,18920820
1324,创造液体储罐,decoration;tech,,red,4,3,6207060
1325,放射性废料桶,tech,,blue,2,2,16878
1326,高级化学品储罐,decoration;tech,,purple,2,4,88709
1327,高级箱柜,decoration;tech,,purple,3,3,89523
1328,高级液体储罐,decoration;tech,,purple,3,4,111811
1329,基础化学品储罐,decoration;tech,,purple,4,3,110756
1330,基础箱柜,decoration;tech,,purple,2,3,74587
1331,基础液体储罐,decoration;tech,,purple,2,4,81819
1332,精英化学品储罐,decoration;tech,,gold,3,3,301455
1333,精英箱柜,decoration;tech,,gold,3,4,330510
1334,精英液体储罐,decoration;tech,,gold,4,3,358638
1335,聚变堆框架,decoration;tech,,red,4,4,1075320
1336,无尽催化剂,tech;magic,催化无尽的贪婪,red,1,1,4846666
1337,无尽之锭,ore;tech;magic,,red,1,2,6666666
1338,终极化学品储罐,decoration;tech,,red,3,4,877007
1339,终极能量立方,tech,,gold,4,3,393108
1340,终极箱柜,decoration;tech,,red,2,3,671283
1341,终极液体储罐,decoration;tech,,red,2,4,738219
1342,创造能量立方,tech,,red,3,3,7777060
1343,高级能量立方,tech,,purple,2,2,129108
1344,基础能量立方,tech,,purple,2,2,57855
1345,精英能量立方,tech,,gold,3,5,463000
1346,动态储罐,multiblock;decoration;tech,,gold,5,5,660450
1347,动态储罐阀门,multiblock;decoration;tech,,gold,5,5,647500
1348,结构玻璃,multiblock;decoration;tech,,gold,4,5,567559
1349,风力发电机,tech,,blue,4,3,28932
1350,高级太阳能发电机,tech,,purple,2,3,73841
1351,燃气发电机,tech,,blue,2,4,26084
1352,热力发电机,tech,,blue,3,3,27405
1353,生物能发电机,tech,,blue,3,4,31645
1354,太阳能发电机,tech,,blue,4,3,28631
1355,感应端口,multiblock;tech,,gold,4,4,538720
1356,感应外壳,multiblock;tech,,gold,4,4,549080
1357,高级电路板,multiblock;decoration;tech,,red,4,4,1332000
1358,高级感应供应器,multiblock;tech,,red,4,4,1411920
1359,高级感应元件,multiblock;tech,,red,4,4,1332000
1360,高级能量立方_合成用,multiblock;tech,,red,4,4,1278720
1361,基础电路板,multiblock;decoration;tech,,red,4,4,1358640
1362,基础感应供应器,multiblock;tech,,gold,4,4,492100
1363,基础感应元件,multiblock;tech,,gold,4,4,528360
1364,基础能量立方_合成用,multiblock;tech,,gold,4,4,507640
1365,进阶电路板,multiblock;decoration;tech,,gold,4,4,486920
1366,精英电路板,multiblock;decoration;tech,,red,4,4,1278720
1367,精英感应供应器,multiblock;tech,,red,4,4,1358640
1368,精英感应元件,multiblock;tech,,red,4,4,1278720
1369,精英能量立方_合成用,multiblock;tech,,red,4,4,1398600
1370,能量板_合成用,multiblock;decoration;tech,,gold,4,4,533540
1371,终极电路板,multiblock;decoration;tech,,red,4,4,1252080
1372,终极感应供应器,multiblock;tech,,red,4,4,1332000
1373,终极感应元件,multiblock;tech,,red,4,4,1252080
1374,终极能量立方_合成用,multiblock;tech,,red,4,4,1371960
1375,专业电路板,multiblock;decoration;tech,,gold,4,4,528360
1376,高级电路,multiblock;tech,,red,4,4,1318680
1377,基础电路,multiblock;tech,,gold,4,4,523180
1378,精英电路,multiblock;tech,,red,4,4,1265400
1379,白色气球,tool;tech,,purple,2,2,144347
1380,便携传送器,tool;tech,,purple,2,2,137538
1381,步话机,tool;tech,,purple,2,2,159863
1382,餐壶,tool;tech,,purple,2,2,99153
1383,橙色气球,tool;tech,,purple,2,2,159863
1384,辞典,book;tool;tech,,purple,1,1,117932
1385,淡灰色气球,tool;tech,,purple,2,2,97254
1386,淡蓝色气球,tool;tech,,purple,2,2,95004
1387,滴管,tool;tech,,purple,2,2,117932
1388,锇铲,tool;tech,,gold,3,1,182835
1389,锇锄头,tool;tech,,gold,5,1,527800
1390,锇盾,tool;equipment;tech,,red,3,2,677676
1391,锇斧头,tool;tech,,gold,3,2,236192
1392,锇镐,tool;tech,,gold,3,2,233706
1393,锇镐尖斧,tool;tech,,gold,3,2,238678
1394,放射量测定器,tool;tech,,purple,2,2,124236
1395,粉红色气球,tool;tech,,purple,2,2,121470
1396,盖革计数器,tool;tech,,purple,2,2,117932
1397,钢铲,tool;tech,,gold,3,1,165255
1398,钢锄头,tool;tech,,gold,5,1,330510
1399,钢盾,tool;equipment;tech,,red,3,2,613744
1400,钢斧头,tool;tech,,gold,3,2,243651
1401,钢镐,tool;tech,,gold,3,2,241165
1402,钢镐尖斧,tool;tech,,gold,3,2,246137
1403,合成配方,tool;tech,,purple,2,2,149205
1404,黑色气球,tool;tech,,purple,2,2,129368
1405,黑曜石铲,tool;decoration;tech,,purple,3,1,50631
1406,黑曜石锄头,tool;decoration;tech,,purple,5,1,113215
1407,黑曜石斧头,tool;decoration;tech,,purple,3,2,74587
1408,黑曜石镐尖斧,tool;decoration;tech,,purple,3,2,75333
1409,红色气球,tool;tech,,purple,2,2,73095
1410,黄绿色气球,tool;tech,,purple,2,2,144347
1411,黄色气球,tool;tech,,purple,2,2,144638
1412,灰色气球,tool;tech,,purple,2,2,100143
1413,金镐尖斧,tool;tech,,gold,3,2,263541
1414,精炼黑曜石盾牌,tool;equipment;decoration;tech,,gold,3,2,251109
1415,精致的荧石盾,tool;equipment;decoration;tech,,gold,3,2,243651
1416,蓝色气球,tool;tech,,purple,2,2,99153
1417,绿色气球,tool;tech,,purple,2,2,121800
1418,木镐尖斧,tool;tech,,purple,3,2,78316
1419,能量板,tool;decoration;tech,,purple,1,1,287085
1420,配置卡,tool;tech,,purple,2,2,138900
1421,配置器,tool;tech,,purple,2,2,132091
1422,品红色气球,tool;tech,,purple,2,2,89523
1423,强化黑曜石镐,tool;decoration;tech,,gold,3,2,258568
1424,强化荧石镐,tool;decoration;tech,,gold,3,2,246137
1425,青金石铲,tool;decoration;tech,,gold,3,1,175803
1426,青金石锄头,tool;decoration;tech,,gold,4,1,393108
1427,青金石盾,tool;equipment;decoration;tech,,red,3,2,652103
1428,青金石斧头,tool;decoration;tech,,gold,3,2,258568
1429,青金石镐,tool;decoration;tech,,gold,3,2,256082
1430,青金石镐尖斧,tool;decoration;tech,,gold,3,2,261054
1431,青色气球,tool;tech,,purple,2,2,136177
1432,青铜铲,tool;tech,,gold,3,1,172287
1433,青铜锄头,tool;tech,,gold,5,1,444843
1434,青铜盾,tool;equipment;tech,,red,3,2,639317
1435,青铜斧头,tool;tech,,gold,3,2,253596
1436,青铜镐,tool;tech,,gold,3,2,251109
1437,青铜镐尖斧,tool;tech,,gold,3,2,256082
1438,石镐尖斧,tool;decoration;tech,,purple,3,2,75333
1439,铁镐尖斧,tool;tech,,purple,3,2,77570
1440,网络读取器,tool;tech,,purple,2,2,94366
1441,下界合金镐尖斧,ore;tool;tech,,red,3,2,632924
1442,荧石铲,tool;decoration;tech,,purple,3,1,54851
1443,荧石锄头,tool;decoration;tech,,purple,3,1,122650
1444,荧石斧头,tool;decoration;tech,,purple,3,2,70858
1445,荧石镐尖斧,tool;decoration;tech,,purple,3,2,71603
1446,原子分解机,tool;tech,,gold,5,2,487200
1447,振动读取器,tool;tech,,purple,2,2,78316
1448,紫色气球,tool;tech,,purple,2,2,136177
1449,棕色气球,tool;tech,,purple,2,2,99153
1450,钻石镐尖斧,tool;decoration;tech,,red,3,2,632924
1451,Meka工具,tool;tech,,purple,2,2,98217
1452,高级机械管道,tech,,purple,2,2,132091
1453,高级加压管道,tech,,purple,2,2,146160
1454,高级热导线缆,tech,,purple,2,2,100143
1455,高级通用线缆,tech,,purple,2,2,104427
1456,高级物流管道,tech,,purple,2,2,95328
1457,基础机械管道,tech,,blue,2,2,17226
1458,基础加压管道,tech,,blue,2,2,17052
1459,基础热导线缆,tech,,purple,2,2,64554
1460,基础通用线缆,tech,,purple,2,2,61509
1461,基础物流管道,tech,,purple,2,2,61509
1462,精英机械管道,tech,,gold,2,5,481157
1463,精英加压管道,tech,,gold,2,2,412763
1464,精英热导线缆,tech,,gold,2,2,393108
1465,精英通用线缆,tech,,gold,4,4,431226
1466,精英物流管道,tech,,gold,2,2,385700
1467,限流管道,tech,,blue,2,2,16530
1468,终极机械管道,tech,,gold,2,4,422240
1469,终极加压管道,tech,,gold,3,4,404901
1470,终极热导线缆,tech,,gold,3,2,444843
1471,终极通用线缆,tech,,gold,3,3,430360
1472,终极物流管道,tech,,gold,4,2,416694
1473,转运管道,tech,,blue,2,2,18444
1474,安全设置台,tech,,blue,2,2,18096
1475,充电台,tech,,blue,2,2,17226
1476,传送机,tech,,blue,2,2,62727
1477,传送框架,decoration;tech,,purple,2,2,62118
1478,电动泵,tech,,blue,2,2,17226
1479,电解分离器,tech,,blue,2,2,17052
1480,电力熔炼炉,tech,,blue,2,2,17400
1481,电阻型加热器,tech,,blue,2,2,18096
1482,锇压缩机,tech,,purple,2,2,121470
1483,反质子核合成器,tech,,blue,2,2,18096
1484,粉碎机,tech,,blue,2,2,16704
1485,富集仓,tech,,blue,2,2,16356
1486,改造站,tech,,blue,2,2,17748
1487,高级粉碎工厂,tech,,purple,3,3,87696
1488,高级富集工厂,tech,,purple,3,4,106537
1489,高级灌注工厂,tech,,purple,4,3,109701
1490,高级锯木工厂,tech,,purple,2,3,79062
1491,高级熔炼工厂,tech,,purple,2,4,85264
1492,高级融合工厂,tech,,purple,3,3,95918
1493,高级提纯工厂,tech,,purple,3,4,99153
1494,高级压射工厂,tech,,purple,4,3,111811
1495,高级压缩工厂,tech,,purple,2,3,70112
1496,工业报警器,tech,,blue,2,2,16704
1497,公式装配器,tech,,blue,2,2,17400
1498,固体燃料加热器,tech,,blue,2,2,16704
1499,化学灌注器,tech,,blue,2,2,17574
1500,化学结晶器,tech,,blue,2,2,17922
1501,化学清洗机,tech,,blue,2,2,17574
1502,化学溶解室,tech,,blue,2,2,16530
1503,化学压射室,tech,,blue,2,2,18096
1504,化学氧化机,tech,,blue,2,2,17922
1505,回旋式气液转换机,tech,,blue,2,2,17922
1506,基础粉碎工厂,tech,,blue,2,4,24115
1507,基础富集工厂,tech,,purple,3,3,94091
1508,基础灌注工厂,tech,,purple,3,4,111811
1509,基础锯木工厂,tech,,blue,4,3,28631
1510,基础熔炼工厂,tech,,purple,2,3,75333
1511,基础融合工厂,tech,,blue,2,4,23131
1512,基础提纯工厂,tech,,blue,3,3,25056
1513,基础压射工厂,tech,,blue,3,4,28631
1514,基础压缩工厂,tech,,blue,4,3,28932
1515,加压反应室,tech,,blue,2,2,17574
1516,精密锯木机,tech,,blue,2,2,17748
1517,精英粉碎工厂,tech,,gold,3,3,319725
1518,精英富集工厂,tech,,gold,3,4,341058
1519,精英灌注工厂,tech,,gold,4,3,351606
1520,精英锯木工厂,tech,,gold,2,3,253596
1521,精英熔炼工厂,tech,,gold,2,4,272731
1522,精英融合工厂,tech,,gold,3,3,307545
1523,精英提纯工厂,tech,,gold,3,4,362155
1524,精英压射工厂,tech,,gold,4,3,358638
1525,精英压缩工厂,tech,,gold,2,3,256082
1526,可控振源,tech,,blue,2,2,17748
1527,矿典转换器,book;tech,,blue,1,1,8439
1528,量子传送装置,tech,,blue,2,2,57855
1529,流体填充机,tech,,blue,2,2,18270
1530,融合机,tech,,blue,2,2,18270
1531,上色机,tech,,blue,2,2,17052
1532,数字型采矿机,tech,,gold,5,3,463000
1533,私人桶,tech,,blue,2,2,16356
1534,私人箱子,decoration;tech,,purple,2,2,63945
1535,太阳能中子活化器,tech,,blue,2,2,16356
1536,提纯仓,tech,,blue,2,2,17400
1537,同位素离心机,tech,,blue,2,2,17226
1538,维度稳定锚,tech,,blue,2,2,16878
1539,物流分类机,tech,,blue,2,2,18096
1540,颜料混合器,tech,,blue,2,2,17922
1541,颜料提取器,tech,,blue,2,2,18444
1542,冶金灌注机,tech,,purple,2,2,115574
1543,营养液化器,tech,,blue,2,2,17748
1544,纸箱,decoration;tech,,green,2,2,16704
1545,终极粉碎工厂,tech,,gold,2,3,256082
1546,终极富集工厂,tech,,gold,2,4,272731
1547,终极灌注工厂,tech,,gold,3,3,298410
1548,终极锯木工厂,tech,,gold,3,4,351606
1549,终极熔炼工厂,tech,,gold,4,3,958378
1550,终极融合工厂,tech,,gold,2,3,246137
1551,终极提纯工厂,tech,,gold,2,4,289956
1552,终极压射工厂,tech,,gold,3,3,304500
1553,终极压缩工厂,tech,,gold,3,4,355122
1554,白色光滑塑料方块,decoration;tech,,purple,2,2,64554
1555,白色强化塑料方块,decoration;tech,,purple,2,2,116753
1556,白色塑料方块,decoration;tech,,blue,2,2,16356
1557,白色塑料路,decoration;tech,,purple,2,2,64554
1558,白色塑料荧光方块,decoration;tech,,blue,2,2,17052
1559,白色透明塑料方块,decoration;tech,,purple,2,2,61509
1560,橙色光滑塑料方块,decoration;tech,,purple,2,2,63945
1561,橙色强化塑料方块,decoration;tech,,purple,2,2,119364
1562,橙色塑料方块,decoration;tech,,purple,2,2,64554
1563,橙色塑料路,decoration;tech,,purple,2,2,63945
1564,橙色塑料荧光方块,decoration;tech,,blue,2,2,16878
1565,橙色透明塑料方块,decoration;tech,,purple,2,2,60900
1566,粗锇块,decoration,,green,2,2,11400
1567,粗铅块,decoration,,green,2,2,3948
1568,粗锡块,decoration,,green,2,2,3990
1569,粗铀块,decoration,,green,2,2,4284
1570,淡灰色 塑料方块,decoration;tech,,blue,2,2,16530
1571,淡灰色光滑塑料方块,decoration;tech,,purple,2,2,61509
1572,淡灰色强化塑料方块,decoration;tech,,purple,2,2,143115
1573,淡灰色塑料路,decoration;tech,,purple,2,2,61509
1574,淡灰色塑料荧光方块,decoration;tech,,purple,2,2,64554
1575,淡蓝色光滑塑料方块,decoration;tech,,purple,2,2,63336
1576,淡蓝色强化塑料方块,decoration;tech,,purple,2,2,132091
1577,淡蓝色塑料方块,decoration;tech,,purple,2,2,63945
1578,淡蓝色塑料路,decoration;tech,,purple,2,2,63336
1579,淡蓝色塑料荧光方块,decoration;tech,,blue,2,2,16704
1580,粉色光滑塑料方块,decoration;tech,,blue,2,2,16356
1581,粉色强化塑料方块,decoration;tech,,purple,2,2,152250
1582,粉色塑料方块,decoration;tech,,blue,2,2,16530
1583,粉色塑料路,decoration;tech,,blue,2,2,16356
1584,粉色塑料荧光方块,decoration;tech,,blue,2,2,17226
1585,粉色透明塑料方块,decoration;tech,,purple,2,2,62118
1586,氟石块,decoration;tech,,purple,2,2,101263
1587,钢块,decoration;tech,,purple,2,2,110756
1588,黑色光滑塑料方块,decoration;tech,,blue,2,2,16530
1589,黑色强化塑料方块,decoration;tech,,purple,2,2,137538
1590,黑色塑料方块,decoration;tech,,blue,2,2,16704
1591,黑色塑料路,decoration;tech,,blue,2,2,16530
1592,黑色塑料荧光方块,decoration;tech,,purple,2,2,60900
1593,黑色透明塑料方块,decoration;tech,,purple,2,2,62727
1594,红色光滑塑料方块,decoration;tech,,blue,2,2,17052
1595,红色强化塑料方块,decoration;tech,,purple,2,2,141624
1596,红色塑料方块,decoration;tech,,blue,2,2,17226
1597,红色塑料路,decoration;tech,,blue,2,2,17052
1598,红色塑料荧光方块,decoration;tech,,purple,2,2,62727
1599,红色透明塑料方块,decoration;tech,,purple,2,2,64554
1600,黄色光滑塑料方块,decoration;tech,,blue,2,2,16530
1601,黄色强化塑料方块,decoration;tech,,purple,2,2,137538
1602,黄色塑料方块,decoration;tech,,blue,2,2,16704
1603,黄色塑料路,decoration;tech,,blue,2,2,16530
1604,黄色塑料荧光方块,decoration;tech,,purple,2,2,60900
1605,黄色透明塑料方块,decoration;tech,,purple,2,2,62727
1606,灰色光滑塑料方块,decoration;tech,,purple,2,2,63336
1607,灰色强化塑料方块,decoration;tech,,purple,2,2,132091
1608,灰色塑料方块,decoration;tech,,purple,2,2,63945
1609,灰色塑料路,decoration;tech,,purple,2,2,63336
1610,灰色塑料荧光方块,decoration;tech,,blue,2,2,16704
1611,灰色透明塑料方块,decoration;tech,,blue,2,2,17226
1612,蓝色光滑塑料方块,decoration;tech,,blue,2,2,16356
1613,蓝色强化塑料方块,decoration;tech,,purple,2,2,91350
1614,蓝色塑料方块,decoration;tech,,blue,2,2,16530
1615,蓝色塑料路,decoration;tech,,blue,2,2,16356
1616,蓝色塑料荧光方块,decoration;tech,,blue,2,2,17226
1617,蓝色透明塑料方块,decoration;tech,,purple,2,2,62118
1618,亮绿色光滑塑料方块,decoration;tech,,purple,2,2,63945
1619,亮绿色强化塑料方块,decoration;tech,,purple,2,2,133453
1620,亮绿色塑料方块,decoration;tech,,purple,2,2,64554
1621,亮绿色塑料路,decoration;tech,,purple,2,2,63945
1622,亮绿色塑料荧光方块,decoration;tech,,blue,2,2,16878
1623,亮绿色透明塑料方块,decoration;tech,,purple,2,2,60900
1624,绿色光滑塑料方块,decoration;tech,,purple,2,2,60900
1625,绿色强化塑料方块,decoration;tech,,purple,2,2,111811
1626,绿色塑料方块,decoration;tech,,purple,2,2,61509
1627,绿色塑料路,decoration;tech,,purple,2,2,60900
1628,绿色塑料荧光方块,decoration;tech,,purple,2,2,63945
1629,绿色透明塑料方块,decoration;tech,,blue,2,2,16530
1630,木炭块,decoration;tech,,blue,2,2,16704
1631,品红色 光滑塑料方块,decoration;tech,,purple,2,2,63336
1632,品红色 强化塑料方块,decoration;tech,,purple,2,2,118146
1633,品红色塑料方块,decoration;tech,,blue,2,2,17226
1634,品红色塑料路,decoration;tech,,blue,2,2,17052
1635,品红色塑料荧光方块,decoration;tech,,purple,2,2,62727
1636,品红色透明塑料方块,decoration;tech,,purple,2,2,64554
1637,浅灰色透明塑料方块,decoration;tech,,blue,2,2,16704
1638,浅蓝色透明塑料方块,decoration;tech,,blue,2,2,17226
1639,强化黑曜石,decoration;tech,,purple,2,2,91350
1640,强化荧石,decoration;tech,,purple,2,2,129368
1641,青色光滑塑料方块,decoration;tech,,purple,2,2,60900
1642,青色强化塑料方块,decoration;tech,,purple,2,2,125008
1643,青色塑料方块,decoration;tech,,purple,2,2,61509
1644,青色塑料路,decoration;tech,,purple,2,2,60900
1645,青色塑料荧光方块,decoration;tech,,purple,2,2,63945
1646,青色透明塑料方块,decoration;tech,,blue,2,2,16530
1647,紫色光滑塑料方块,decoration;tech,,purple,2,2,60900
1648,紫色强化塑料方块,decoration;tech,,purple,2,2,144347
1649,紫色塑料方块,decoration;tech,,purple,2,2,61509
1650,紫色塑料路,decoration;tech,,purple,2,2,60900
1651,紫色塑料荧光方块,decoration;tech,,purple,2,2,63945
1652,紫色透明塑料方块,decoration;tech,,blue,2,2,16530
1653,棕色光滑塑料方块,decoration;tech,,blue,2,2,16356
1654,棕色强化塑料方块,decoration;tech,,purple,2,2,117932
1655,棕色塑料方块,decoration;tech,,blue,2,2,16530
1656,棕色塑料路,decoration;tech,,blue,2,2,16356
1657,棕色塑料荧光方块,decoration;tech,,blue,2,2,17226
1658,棕色透明塑料方块,decoration;tech,,purple,2,2,62118
1659,暮色传送门,multiblock;decoration;magic;tech,,red,4,5,1575355
1660,热力蒸馏塔,multiblock;tech,,gold,4,5,567559
1661,MEK传送器,multiblock;tech,,gold,4,4,518000
1662,MEK动态储罐,multiblock;decoration;tech,,gold,5,5,660450
1663,MEK工业蒸汽涡轮,multiblock;tech,,gold,5,5,628075
1664,MEK聚变反应堆,multiblock;tech,,red,5,5,1714950
1665,黑体辐射腔,multiblock;tech,,gold,4,4,512820
1666,激光,multiblock;tech,,gold,4,4,507640
1667,激光聚焦矩阵,multiblock;tech,,gold,4,5,561767
1668,激光牵引光束,multiblock;tech,,gold,4,4,549080
1669,激光增幅器,multiblock;tech,,gold,4,4,507640
1670,聚变堆控制器,multiblock;tech,,red,5,5,1748250
1671,聚变堆逻辑适配器,multiblock;tech,,red,5,5,1581750
1672,聚变反应堆端口,multiblock;tech,,red,5,5,1665000
1673,控制棒组件,multiblock;tech,,gold,4,4,533540
1674,裂变反应堆端口,multiblock;tech,,red,5,5,1565100
1675,裂变反应堆逻辑适配器,multiblock;tech,,red,5,5,1631700
1676,裂变反应堆外壳,multiblock;tech,,red,5,5,1598400
1677,裂变燃料组件,multiblock;tech,,red,5,5,1631700
1678,强化玻璃,multiblock;decoration;tech,,red,4,4,1385280
1679,锅炉阀门,multiblock;decoration;tech,,gold,5,5,647500
1680,锅炉外壳,multiblock;tech,,gold,5,5,653975
1681,过热元件,multiblock;tech,,gold,4,4,502460
1682,爆炸单元,tech,,blue,1,1,8526
1683,冰霜行者单元,tech,,blue,1,1,8787
1684,充能分配单元,tech,,blue,1,1,8439
1685,传送单元,tech,,blue,1,1,29232
1686,磁力吸引装置,tech,,blue,2,2,16704
1687,地热能生成单元,tech,,blue,1,1,8700
1688,电解呼吸装置,tech,,blue,2,2,16878
1689,动力助推单元,tech,,blue,1,1,9135
1690,放射量测定器单元,tech,,blue,1,1,9135
1691,辐射屏蔽单元,tech,,blue,1,1,9135
1692,盖革计数器单元,tech,,blue,1,1,8961
1693,高级工厂安装器,tech,,purple,3,4,101263
1694,耕种单元,tech,,blue,1,1,8178
1695,攻击增强单元,tech,,blue,1,1,8613
1696,古代金锭,ore;tech,,gold,1,1,397039
1697,过滤升级,tech,,blue,1,1,8178
1698,化学品升级,tech,,blue,1,1,8178
1699,基础工厂安装器,tech,,blue,4,3,29535
1700,激光消散单元,tech,,blue,1,1,8178
1701,剪切单元,tech,,blue,1,1,8700
1702,降噪升级,tech,,blue,1,1,8700
1703,精英工厂安装器,tech,,gold,3,4,369187
1704,精准采集单元,tech,,blue,1,1,9048
1705,静水推进单元,tech,,blue,1,1,8961
1706,矿脉挖掘单元,tech,,blue,1,1,8961
1707,矿物精炼单元,tech,,blue,1,1,8961
1708,六方金刚石,decoration;tech,,purple,2,2,161385
1709,锚升级,tech,,blue,1,1,8352
1710,玫瑰金锭,ore;tech,,gold,5,2,472079
1711,模块基板,decoration;tech,,blue,1,1,8613
1712,能量单元,tech,,blue,1,1,8874
1713,能量升级,tech,,blue,1,1,8613
1714,喷气背包单元,equipment;tech,,purple,3,2,76079
1715,鞘翅单元,tech,,gold,2,3,458461
1716,视觉增强单元,tech,,blue,1,1,9222
1717,速度升级,tech,,blue,1,1,9222
1718,太阳能充电单元,tech,,blue,1,1,8613
1719,陀螺稳定单元,tech,,blue,1,1,8178
1720,挖掘提升单元,tech,,blue,1,1,8352
1721,吸入净化单元,tech,,blue,1,1,8787
1722,颜色调变单元,tech,,blue,1,1,8700
1723,液压推进单元,tech,,blue,1,1,9135
1724,营养注射单元,tech,,blue,1,1,8874
1725,造石机升级,decoration;tech,,blue,1,1,8178
1726,终极工厂安装器,tech,,gold,2,4,295698
1727,重力调节单元,tech,,blue,1,1,8439
1728,黑钻石,decoration;tech,,gold,5,2,348090
1729,黑色合金锭,ore;tech,,gold,4,5,431226
1730,饱和冷凝器,multiblock;tech,,gold,4,4,507640
1731,电磁线圈,multiblock;tech,,gold,4,4,538720
1732,分压元件,multiblock;tech,,gold,4,4,523180
1733,复杂旋钮装置,multiblock;tech,,gold,4,4,492100
1734,涡轮阀门,multiblock;decoration;tech,,gold,5,5,621600
1735,涡轮排气口,multiblock;tech,,gold,5,5,634550
1736,涡轮外壳,multiblock;tech,,gold,5,5,628075
1737,涡轮叶片,multiblock;tech,,gold,5,5,615125
1738,涡轮转子,multiblock;tech,,gold,5,5,673400
1739,电动弓,equipment;tech,,purple,3,2,70112
1740,锇剑,equipment;tech,,gold,3,1,181077
1741,钢剑,equipment;tech,,gold,3,1,186351
1742,火焰喷射器,equipment;tech,,purple,2,2,130729
1743,强化黑曜石剑,equipment;decoration;tech,,gold,3,1,175803
1744,强化荧石剑,equipment;decoration;tech,,gold,3,1,167013
1745,青金石剑,equipment;decoration;tech,,gold,3,1,174045
1746,青铜剑,equipment;tech,,gold,3,1,170529
1747,热力蒸馏阀门,multiblock;decoration;tech,,gold,4,4,538720
1748,热力蒸馏方块,multiblock;decoration;tech,,gold,4,4,486920
1749,热力蒸馏控制器,multiblock;tech,,gold,4,4,538720
1750,橙色粉笔,book;equipment;tech,,gold,3,3,431226
1751,锇护腿,equipment;tech,,gold,3,2,241165
1752,锇头盔,equipment;tech,,gold,2,3,243651
1753,锇胸甲,equipment;tech,,gold,3,3,295365
1754,锇靴子,equipment;tech,,gold,2,3,243651
1755,防辐射护腿,equipment;tech,,purple,3,2,73095
1756,防辐射面具,equipment;tech,,purple,2,2,144638
1757,防辐射外衣,equipment;tech,,purple,2,2,159863
1758,防辐射靴子,equipment;tech,,purple,2,3,73841
1759,钢护腿,equipment;tech,,gold,3,2,248623
1760,钢头盔,equipment;tech,,gold,2,3,251109
1761,钢胸甲,equipment;tech,,gold,3,3,304500
1762,钢靴子,equipment;tech,,gold,2,3,251109
1763,黑色粉笔,book;equipment;tech,,gold,3,2,444843
1764,黑曜石护腿,equipment;decoration;tech,,gold,3,2,253596
1765,黑曜石头盔,equipment;decoration;tech,,purple,2,3,76825
1766,黑曜石胸甲,equipment;decoration;tech,,gold,3,3,310590
1767,黑曜石靴子,equipment;decoration;tech,,gold,2,3,256082
1768,喷气背包,equipment;tech,,purple,3,2,73841
1769,潜水罐,equipment;decoration;tech,,gold,2,3,472079
1770,潜水面罩,equipment;tech,,purple,2,2,122650
1771,青金石护腿,equipment;decoration;tech,,gold,3,2,263541
1772,青金石头盔,equipment;decoration;tech,,gold,2,3,233706
1773,青金石胸甲,equipment;decoration;tech,,gold,3,3,322770
1774,青金石靴子,equipment;decoration;tech,,gold,2,3,233706
1775,青铜护腿,equipment;tech,,gold,3,2,258568
1776,青铜头盔,equipment;tech,,gold,2,3,261054
1777,青铜胸甲,equipment;tech,,gold,3,3,316680
1778,青铜靴子,equipment;tech,,gold,2,3,261054
1779,荧石护腿,equipment;decoration;tech,,gold,3,2,241165
1780,荧石头盔,equipment;decoration;tech,,purple,2,3,73095
1781,荧石胸甲,equipment;decoration;tech,,gold,3,3,295365
1782,荧石靴子,equipment;decoration;tech,,gold,2,3,243651
1783,装甲喷气背包,equipment;tech,,purple,3,2,75333
1784,自由助跑器,equipment;tech,,purple,2,2,144638
1785,自由助跑器装甲,equipment;tech,,purple,2,2,118146
1786,HDPE加强鞘翅,equipment;tech,,red,2,3,949337
1787,MekaSuit护甲,equipment;tech,,purple,2,2,86783
1788,MekaSuit护腿,equipment;tech,,purple,3,2,73095
1789,MekaSuit头盔,equipment;tech,,purple,2,3,73841
1790,MekaSuit靴子,equipment;tech,,purple,2,3,73841
1791,白色发光塑料半砖,decoration;tech,,blue,1,1,8265
1792,白色发光塑料楼梯,decoration;tech,,purple,2,2,63945
1793,白色塑料楼梯,decoration;tech,,purple,2,2,62118
1794,白色塑料台阶,decoration;tech,,purple,1,1,31973
1795,白色塑料栅栏,decoration;tech,,blue,2,1,12304
1796,白色塑料栅栏门,decoration;tech,,blue,3,2,21311
1797,白色透明塑料半砖,decoration;tech,,blue,1,1,8613
1798,白色透明塑料楼梯,decoration;tech,,blue,2,2,16704
1799,白色荧光板,decoration;tech,,blue,1,1,30450
1800,橙色发光塑料半砖,decoration;tech,,blue,1,1,8178
1801,橙色发光塑料楼梯,decoration;tech,,purple,2,2,63336
1802,橙色塑料楼梯,decoration;tech,,purple,2,2,61509
1803,橙色塑料台阶,decoration;tech,,purple,1,1,31668
1804,橙色塑料栅栏,decoration;tech,,blue,2,1,12181
1805,橙色塑料栅栏门,decoration;tech,,blue,3,2,21097
1806,橙色透明塑料半砖,decoration;tech,,blue,1,1,8526
1807,橙色透明塑料楼梯,decoration;tech,,blue,2,2,16530
1808,橙色荧光板,decoration;tech,,blue,1,1,8613
1809,淡灰色塑料楼梯,decoration;tech,,blue,2,2,16878
1810,淡灰色塑料台阶,decoration;tech,,blue,1,1,30450
1811,淡灰色塑料栅栏,decoration;tech,,blue,2,1,11688
1812,淡灰色塑料栅栏门,decoration;tech,,blue,3,2,20245
1813,淡灰色荧光板,decoration;tech,,blue,1,1,8265
1814,淡蓝色塑料楼梯,decoration;tech,,purple,2,2,60900
1815,淡蓝色塑料台阶,decoration;tech,,purple,1,1,31364
1816,淡蓝色塑料栅栏,decoration;tech,,blue,2,1,12058
1817,淡蓝色塑料栅栏门,decoration;tech,,blue,3,2,20884
1818,淡蓝色荧光板,decoration;tech,,blue,1,1,8526
1819,粉色发光塑料半砖,decoration;tech,,blue,1,1,8352
1820,粉色发光塑料楼梯,decoration;tech,,purple,2,2,64554
1821,粉色塑料楼梯,decoration;tech,,purple,2,2,62727
1822,粉色塑料台阶,decoration;tech,,purple,1,1,32277
1823,粉色塑料栅栏,decoration;tech,,blue,2,1,12427
1824,粉色塑料栅栏门,decoration;tech,,blue,3,2,21524
1825,粉色透明塑料半砖,decoration;tech,,blue,1,1,30450
1826,粉色透明塑料楼梯,decoration;tech,,blue,2,2,16878
1827,粉色荧光板,decoration;tech,,purple,1,1,30755
1828,黑色发光塑料半砖,decoration;tech,,blue,1,1,8439
1829,黑色发光塑料楼梯,decoration;tech,,blue,2,2,16356
1830,黑色塑料楼梯,decoration;tech,,purple,2,2,63336
1831,黑色塑料台阶,decoration;tech,,blue,1,1,8178
1832,黑色塑料栅栏,decoration;tech,,blue,2,1,12550
1833,黑色塑料栅栏门,decoration;tech,,blue,3,2,21737
1834,黑色透明塑料半砖,decoration;tech,,purple,1,1,30755
1835,黑色透明塑料楼梯,decoration;tech,,blue,2,2,17052
1836,黑色荧光板,decoration;tech,,purple,1,1,31059
1837,红色发光塑料半砖,decoration;tech,,blue,1,1,30450
1838,红色发光塑料楼梯,decoration;tech,,blue,2,2,16878
1839,红色塑料楼梯,decoration;tech,,blue,2,2,16356
1840,红色塑料台阶,decoration;tech,,blue,1,1,8439
1841,红色塑料栅栏,decoration;tech,,blue,2,1,12919
1842,红色塑料栅栏门,decoration;tech,,blue,3,2,22376
1843,红色透明塑料半砖,decoration;tech,,purple,1,1,31668
1844,红色透明塑料楼梯,decoration;tech,,purple,2,2,61509
1845,红色荧光板,decoration;tech,,purple,1,1,31973
1846,黄色发光塑料半砖,decoration;tech,,blue,1,1,8439
1847,黄色发光塑料楼梯,decoration;tech,,blue,2,2,16356
1848,黄色塑料楼梯,decoration;tech,,purple,2,2,63336
1849,黄色塑料台阶,decoration;tech,,blue,1,1,8178
1850,黄色塑料栅栏,decoration;tech,,blue,2,1,12550
1851,黄色塑料栅栏门,decoration;tech,,blue,3,2,21737
1852,黄色透明塑料半砖,decoration;tech,,purple,1,1,30755
1853,黄色透明塑料楼梯,decoration;tech,,blue,2,2,17052
1854,黄色荧光板,decoration;tech,,purple,1,1,31059
1855,灰色发光塑料半砖,decoration;tech,,purple,1,1,32277
1856,灰色发光塑料楼梯,decoration;tech,,purple,2,2,62727
1857,灰色塑料楼梯,decoration;tech,,purple,2,2,60900
1858,灰色塑料台阶,decoration;tech,,purple,1,1,31364
1859,灰色塑料栅栏,decoration;tech,,blue,2,1,12058
1860,灰色塑料栅栏门,decoration;tech,,blue,3,2,20884
1861,灰色透明塑料半砖,decoration;tech,,blue,1,1,8439
1862,灰色透明塑料楼梯,decoration;tech,,blue,2,2,16356
1863,灰色荧光板,decoration;tech,,blue,1,1,8526
1864,蓝色发光塑料半砖,decoration;tech,,blue,1,1,8352
1865,蓝色发光塑料楼梯,decoration;tech,,purple,2,2,64554
1866,蓝色塑料楼梯,decoration;tech,,purple,2,2,62727
1867,蓝色塑料台阶,decoration;tech,,purple,1,1,32277
1868,蓝色塑料栅栏,decoration;tech,,blue,2,1,12427
1869,蓝色塑料栅栏门,decoration;tech,,blue,3,2,21524
1870,蓝色透明塑料半砖,decoration;tech,,blue,1,1,30450
1871,蓝色透明塑料楼梯,decoration;tech,,blue,2,2,16878
1872,蓝色荧光板,decoration;tech,,purple,1,1,30755
1873,亮绿色发光塑料半砖,decoration;tech,,blue,1,1,8178
1874,亮绿色发光塑料楼梯,decoration;tech,,purple,2,2,63336
1875,亮绿色塑料楼梯,decoration;tech,,purple,2,2,61509
1876,亮绿色塑料台阶,decoration;tech,,purple,1,1,31668
1877,亮绿色塑料栅栏,decoration;tech,,blue,2,1,12181
1878,亮绿色塑料栅栏门,decoration;tech,,blue,3,2,21097
1879,亮绿色透明塑料半砖,decoration;tech,,blue,1,1,8526
1880,亮绿色透明塑料楼梯,decoration;tech,,blue,2,2,16530
1881,亮绿色荧光板,decoration;tech,,blue,1,1,8613
1882,绿色发光塑料半砖,decoration;tech,,purple,1,1,31059
1883,绿色发光塑料楼梯,decoration;tech,,blue,2,2,17226
1884,绿色塑料楼梯,decoration;tech,,blue,2,2,16704
1885,绿色塑料台阶,decoration;tech,,blue,1,1,8613
1886,绿色塑料栅栏,decoration;tech,,blue,2,1,11565
1887,绿色塑料栅栏门,decoration;tech,,blue,3,2,20032
1888,绿色透明塑料半砖,decoration;tech,,purple,1,1,32277
1889,绿色透明塑料楼梯,decoration;tech,,purple,2,2,62727
1890,绿色荧光板,decoration;tech,,blue,1,1,8178
1891,品红色发光塑料半砖,decoration;tech,,blue,1,1,30450
1892,品红色发光塑料楼梯,decoration;tech,,blue,2,2,16878
1893,品红色塑料楼梯,decoration;tech,,blue,2,2,16356
1894,品红色塑料台阶,decoration;tech,,blue,1,1,8439
1895,品红色塑料栅栏,decoration;tech,,blue,2,1,12919
1896,品红色塑料栅栏门,decoration;tech,,blue,3,2,22376
1897,品红色透明塑料半砖,decoration;tech,,purple,1,1,31668
1898,品红色透明塑料楼梯,decoration;tech,,purple,2,2,61509
1899,品红色荧光板,decoration;tech,,purple,1,1,31973
1900,浅灰色发光塑料半砖,decoration;tech,,purple,1,1,31364
1901,浅灰色发光塑料楼梯,decoration;tech,,purple,2,2,60900
1902,浅灰色透明塑料半砖,decoration;tech,,blue,1,1,8178
1903,浅灰色透明塑料楼梯,decoration;tech,,purple,2,2,63336
1904,浅蓝色发光塑料半砖,decoration;tech,,purple,1,1,32277
1905,浅蓝色透明塑料半砖,decoration;tech,,blue,1,1,8439
1906,浅蓝色透明塑料楼梯,decoration;tech,,blue,2,2,16356
1907,青色发光塑料半砖,decoration;tech,,purple,1,1,31059
1908,青色发光塑料楼梯,decoration;tech,,blue,2,2,17226
1909,青色塑料楼梯,decoration;tech,,blue,2,2,16704
1910,青色塑料台阶,decoration;tech,,blue,1,1,8613
1911,青色塑料栅栏,decoration;tech,,blue,2,1,11565
1912,青色塑料栅栏门,decoration;tech,,blue,3,2,20032
1913,青色透明塑料半砖,decoration;tech,,purple,1,1,32277
1914,青色透明塑料楼梯,decoration;tech,,purple,2,2,62727
1915,青色荧光板,decoration;tech,,blue,1,1,8178
1916,紫色 塑料栅栏,decoration;tech,,blue,2,1,12304
1917,紫色发光塑料半砖,decoration;tech,,purple,1,1,31059
1918,紫色发光塑料楼梯,decoration;tech,,purple,2,2,60291
1919,紫色塑料楼梯,decoration;tech,,blue,2,2,16704
1920,紫色塑料台阶,decoration;tech,,blue,1,1,30146
1921,紫色塑料栅栏门,decoration;tech,,blue,3,2,20032
1922,紫色透明塑料半砖,decoration;tech,,purple,1,1,32277
1923,紫色透明塑料楼梯,decoration;tech,,purple,2,2,62727
1924,紫色荧光板,decoration;tech,,blue,1,1,8178
1925,棕色发光塑料半砖,decoration;tech,,blue,1,1,8352
1926,棕色发光塑料楼梯,decoration;tech,,purple,2,2,64554
1927,棕色塑料楼梯,decoration;tech,,purple,2,2,62727
1928,棕色塑料台阶,decoration;tech,,purple,1,1,32277
1929,棕色塑料栅栏,decoration;tech,,blue,2,1,12427
1930,棕色塑料栅栏门,decoration;tech,,blue,3,2,21524
1931,棕色透明塑料半砖,decoration;tech,,purple,1,1,30450
1932,棕色透明塑料楼梯,decoration;tech,,blue,2,2,16878
1933,棕色荧光板,decoration;tech,,purple,1,1,30755
1934,氟石矿石,ore;decoration,,green,2,2,7938
1935,深层锇矿石,ore;decoration,,blue,2,2,16362
1936,深层氟石矿石,ore;decoration,,green,2,2,7695
1937,深层铅矿石,ore;decoration,,green,2,2,8100
1938,深层锡矿石,ore;decoration,,green,2,2,8181
1939,深层铀矿石,ore;decoration,,green,2,2,5387
1940,盐块,ore;decoration,,green,2,2,5783
1941,便携式QIO仪表板,decoration;tech,,blue,1,1,8352
1942,超密集 QIO 驱动器,tech,,blue,2,2,17574
1943,超质量 QIO 驱动器,tech,,blue,2,2,16878
1944,时间膨胀 QIO 驱动器,tech,,blue,2,2,18096
1945,QIO 红石适配器,decoration;tech,,purple,2,2,110756
1946,QIO 驱动器,tech,,blue,2,2,18444
1947,QIO 驱动器阵列,tech,,blue,3,3,25839
1948,QIO 输出端口,tech,,blue,2,2,18096
1949,QIO 输入端口,tech,,blue,2,2,17052
1950,QIO 仪表板,decoration;tech,,purple,1,1,31059
1951,白色厨台,decoration,,gray,2,4,1680
1952,白色混凝土,decoration,,gray,2,2,1164
1953,白色陶瓦,decoration,,gray,2,2,1128
1954,冰箱,decoration,,gray,3,2,1455
1955,橙色厨台,decoration,,gray,2,3,1440
1956,抽油烟机,decoration,,gray,2,2,1260
1957,淡灰色厨台,decoration,,gray,3,3,1692
1958,淡蓝色厨台,decoration,,gray,3,4,2016
1959,粉色厨台,decoration,,gray,4,3,2078
1960,黑色厨台,decoration,,gray,2,3,1484
1961,红色厨台,decoration,,gray,2,4,1765
1962,黄绿色厨台,decoration,,gray,3,3,1782
1963,黄色厨台,decoration,,gray,3,4,2099
1964,灰色厨台,decoration,,gray,4,3,2016
1965,搅拌机,decoration,,gray,2,2,1272
1966,烤面包机,decoration,,gray,2,2,1248
1967,烤箱,decoration,,gray,3,3,1890
1968,蓝色厨台,decoration,,gray,3,4,2078
1969,绿色厨台,decoration,,gray,4,3,2203
1970,盘子,decoration,,gray,2,2,1200
1971,盆池,decoration,,gray,2,2,1140
1972,品红色厨台,decoration,,gray,3,3,1872
1973,青色厨台,decoration,,gray,3,4,2203
1974,青色陶瓦,decoration,,gray,2,2,1212
1975,烧烤架,decoration,,gray,2,2,1236
1976,微波炉,decoration,,gray,2,2,1188
1977,砧板,decoration,,gray,1,1,576
1978,紫色厨台,decoration,,gray,3,4,2203
1979,棕色厨台,decoration,,gray,4,3,2078
1980,白桦木百叶窗,decoration,,gray,2,2,1188
1981,白色窗帘,decoration,,gray,3,2,1396
1982,白色羊毛,decoration,,gray,2,2,1212
1983,橙色窗帘,decoration,,gray,3,2,1382
1984,丛林木百叶窗,decoration,,gray,2,2,1164
1985,淡灰色窗帘,decoration,,gray,3,2,1514
1986,淡蓝色窗帘,decoration,,gray,3,2,1558
1987,粉色窗帘,decoration,,gray,3,2,1411
1988,黑色窗帘,decoration,,gray,3,2,1426
1989,红色窗帘,decoration,,gray,3,2,1470
1990,红色羊毛,decoration,,gray,2,2,1272
1991,黄绿色窗帘,decoration,,gray,3,2,1396
1992,黄色窗帘,decoration,,gray,3,2,1426
1993,灰色窗帘,decoration,,gray,3,2,1558
1994,金合欢木百叶窗,decoration,,green,2,2,4032
1995,金合欢原木,decoration,,green,2,2,3948
1996,蓝色窗帘,decoration,,gray,3,2,1411
1997,绿色窗帘,decoration,,gray,3,2,1499
1998,品红色窗帘,decoration,,gray,3,2,1470
1999,青色窗帘,decoration,,gray,3,2,1499
2000,深色橡木百叶窗,decoration,,gray,2,2,1260
2001,现代窗户,decoration,,gray,3,2,1528
2002,橡木百叶窗,decoration,,gray,2,2,1140
2003,橡木原木,decoration,,gray,2,2,1176
2004,云杉木百叶窗,decoration,,gray,2,2,1176
2005,云杉原木,decoration,,gray,2,2,1152
2006,紫色窗帘,decoration,,gray,3,2,1499
2007,棕色窗帘,decoration,,gray,3,2,1411
2008,安山岩橱柜,decoration,,gray,3,4,2203
2009,安山岩床头柜,decoration,,gray,4,3,1995
2010,安山岩书桌柜,book;decoration,,green,2,3,5715
2011,白桦木板,decoration,,gray,1,1,612
2012,白桦木板条箱,decoration,,gray,2,2,1152
2013,白桦木橱柜,decoration,,gray,3,4,2182
2014,白桦木床头柜,decoration,,gray,4,3,1975
2015,白桦木书桌柜,book;decoration,,green,2,3,5658
2016,白桦原木,decoration,,gray,2,2,1164
2017,白色厨房橱柜,decoration,,gray,3,3,1800
2018,白色厨台抽屉,decoration,,gray,3,4,1975
2019,白色冷藏箱,decoration,,gray,2,2,1128
2020,壁柜,decoration,,gray,2,3,1382
2021,饼干罐,decoration,,gray,2,2,1188
2022,橙色厨房橱柜,decoration,,gray,3,3,1782
2023,橙色厨台抽屉,decoration,,gray,3,4,1954
2024,橙色冷藏箱,decoration,,gray,2,2,1272
2025,橙色陶瓦,decoration,,gray,2,2,1272
2026,厨房橱柜,decoration,,gray,2,4,1680
2027,丛林木,decoration,,gray,2,2,1188
2028,丛林木板,decoration,,gray,1,1,600
2029,丛林木板条箱,decoration,,gray,2,2,1128
2030,丛林木橱柜,decoration,,gray,2,3,1514
2031,丛林木床头柜,decoration,,gray,2,4,1908
2032,丛林木书桌柜,book;decoration,,green,3,3,6791
2033,丛林原木,decoration,,gray,2,2,1140
2034,淡灰色厨房橱柜,decoration,,gray,4,3,1975
2035,淡灰色厨台抽屉,decoration,,gray,2,3,1514
2036,淡灰色冷藏箱,decoration,,gray,2,2,1224
2037,淡蓝色厨房橱柜,decoration,,gray,3,3,1764
2038,淡蓝色厨台抽屉,decoration,,gray,3,4,2203
2039,淡蓝色冷藏箱,decoration,,gray,2,2,1260
2040,粉色厨房橱柜,decoration,,gray,2,3,1484
2041,粉色厨台抽屉,decoration,,gray,2,4,1629
2042,粉色冷藏箱,decoration,,gray,2,2,1140
2043,黑色厨房橱柜,decoration,,gray,3,4,2120
2044,黑色厨台抽屉,decoration,,gray,4,3,2016
2045,黑色冷藏箱,decoration,,gray,2,2,1152
2046,红色厨房橱柜,decoration,,gray,2,4,1782
2047,红色厨台抽屉,decoration,,gray,3,3,1800
2048,红色冷藏箱,decoration,,gray,2,2,1188
2049,花岗岩橱柜,decoration,,gray,4,3,2203
2050,花岗岩床头柜,decoration,,gray,2,3,1629
2051,花岗岩书桌柜,book;decoration,,gray,2,4,2000
2052,黄绿色厨房橱柜,decoration,,gray,3,3,1800
2053,黄绿色厨台抽屉,decoration,,gray,3,4,1975
2054,黄绿色冷藏箱,decoration,,gray,2,2,1128
2055,黄色厨房橱柜,decoration,,gray,2,3,1499
2056,黄色厨台抽屉,decoration,,gray,2,4,1646
2057,黄色冷藏箱,decoration,,gray,2,2,1152
2058,灰色厨房橱柜,decoration,,gray,3,4,2037
2059,灰色厨台抽屉,decoration,,gray,4,3,2203
2060,灰色冷藏箱,decoration,,gray,2,2,1260
2061,金合欢木,decoration,,green,2,2,4116
2062,金合欢木板,decoration,,green,1,1,2079
2063,金合欢木板条箱,decoration,,green,2,2,4452
2064,金合欢木橱柜,decoration,,green,4,3,7420
2065,金合欢木床头柜,decoration,,green,2,3,6237
2066,金合欢木书桌柜,book;decoration,,green,2,4,6722
2067,垃圾桶,decoration,,gray,2,1,840
2068,蓝色厨房橱柜,decoration,,gray,3,4,2099
2069,蓝色厨台抽屉,decoration,,gray,4,3,1995
2070,蓝色冷藏箱,decoration,,gray,2,2,1140
2071,蓝色陶瓦,decoration,,gray,2,2,1140
2072,绿色厨房橱柜,decoration,,gray,3,3,1692
2073,绿色厨台抽屉,decoration,,gray,3,4,2120
2074,绿色冷藏箱,decoration,,gray,2,2,1212
2075,品红色厨房橱柜,decoration,,gray,2,3,1543
2076,品红色厨台抽屉,decoration,,gray,2,4,1697
2077,品红色冷藏箱,decoration,,gray,2,2,1188
2078,青色厨房橱柜,decoration,,gray,3,4,1954
2079,青色厨台抽屉,decoration,,gray,4,3,2120
2080,青色冷藏箱,decoration,,gray,2,2,1212
2081,闪长岩橱柜,decoration,,gray,2,4,1612
2082,闪长岩床头柜,decoration,,gray,3,3,2037
2083,闪长岩书桌柜,book;decoration,,green,3,4,8242
2084,深色橡木,decoration,,gray,2,2,1128
2085,深色橡木板条箱,decoration,,gray,2,2,1224
2086,深色橡木橱柜,decoration,,gray,2,4,1663
2087,深色橡木床头柜,decoration,,gray,3,3,2099
2088,深色橡木木板,decoration,,gray,1,1,600
2089,深色橡木书桌柜,book;decoration,,green,4,3,8482
2090,深色橡木原木,decoration,,gray,2,2,1140
2091,石质橱柜,decoration,,gray,2,4,1612
2092,石质床头柜,decoration,,gray,3,3,2037
2093,石质书桌柜,book;decoration,,green,3,4,8242
2094,现代电视柜,decoration,,gray,4,3,1954
2095,橡木板条箱,decoration,,gray,2,2,1260
2096,橡木橱柜,decoration,,gray,2,4,1714
2097,橡木床头柜,decoration,,gray,3,3,2162
2098,橡木木板,decoration,,gray,1,1,618
2099,橡木书桌柜,book;decoration,,green,4,3,7682
2100,云杉木,decoration,,gray,2,2,1200
2101,云杉木板,decoration,,gray,1,1,606
2102,云杉木板条箱,decoration,,gray,2,2,1140
2103,云杉木橱柜,decoration,,gray,3,4,2162
2104,云杉木床头柜,decoration,,gray,4,3,1954
2105,云杉木书桌柜,book;decoration,,green,2,3,5602
2106,紫色厨房橱柜,decoration,,gray,2,4,1595
2107,紫色厨台抽屉,decoration,,gray,3,3,1836
2108,紫色冷藏箱,decoration,,gray,2,2,1212
2109,棕色厨房橱柜,decoration,,gray,4,3,2099
2110,棕色厨台抽屉,decoration,,gray,2,3,1411
2111,棕色冷藏箱,decoration,,gray,2,2,1140
2112,打印机,decoration;tech,,blue,2,2,16530
2113,电脑,decoration;tech,,blue,2,2,17922
2114,电视,decoration;tech,,blue,4,3,28932
2115,电视遥控器,decoration;tech,,blue,2,3,21524
2116,吊扇,decoration;tech,,blue,2,2,16878
2117,火灾报警器,decoration;tech,,blue,2,2,16704
2118,立体声音响,decoration;tech,,blue,2,2,17922
2119,数字时钟,decoration;tech,,blue,2,2,18096
2120,洗碗机,decoration;tech,,blue,2,2,17922
2121,洗衣机,decoration;tech,,blue,2,4,27144
2122,现代电视,decoration;tech,,purple,3,3,95004
2123,安山岩咖啡桌,decoration,,gray,3,4,2078
2124,安山岩书桌,book;decoration,,green,4,3,7842
2125,安山岩椅子,decoration,,gray,2,1,891
2126,安山岩桌,decoration,,gray,2,4,1800
2127,白桦木咖啡桌,decoration,,gray,3,3,2058
2128,白桦木书桌,book;decoration,,green,3,4,7762
2129,白桦木椅子,decoration,,gray,2,1,882
2130,白桦木桌,decoration,,gray,2,3,1680
2131,白色床,decoration,,gray,2,4,1872
2132,白色酒吧椅,decoration,,gray,2,1,798
2133,白色沙发,decoration,,gray,3,4,1995
2134,白色现代床,decoration,,gray,4,3,2058
2135,白色现代沙发,decoration,,gray,2,3,1765
2136,白色相框,decoration,,gray,2,2,1164
2137,壁炉台,decoration,,gray,2,2,1248
2138,橙色酒吧椅,decoration,,gray,2,1,899
2139,橙色沙发,decoration,,gray,4,3,1975
2140,橙色现代床,decoration,,gray,2,3,1663
2141,橙色现代沙发,decoration,,gray,2,4,1854
2142,橙色相框,decoration,,gray,2,2,1152
2143,橙色羊毛,decoration,,gray,2,2,1200
2144,丛林木咖啡桌,decoration,,gray,4,3,2016
2145,丛林木书桌,book;decoration,,green,2,3,6207
2146,丛林木椅子,decoration,,gray,2,1,865
2147,丛林木桌,decoration,,gray,3,3,2016
2148,大椅子,decoration,,gray,2,1,891
2149,淡灰色混凝土,decoration,,gray,2,2,1260
2150,淡灰色酒吧椅,decoration,,gray,2,1,865
2151,淡灰色沙发,decoration,,gray,2,4,1872
2152,淡灰色现代床,decoration,,gray,3,3,1954
2153,淡灰色现代沙发,decoration,,gray,3,4,2058
2154,淡灰色相框,decoration,,gray,2,2,1260
2155,淡灰色羊毛,decoration,,gray,2,2,1152
2156,淡蓝色酒吧椅,decoration,,gray,2,1,891
2157,淡蓝色沙发,decoration,,gray,3,3,1954
2158,淡蓝色现代床,decoration,,gray,3,4,2016
2159,淡蓝色现代沙发,decoration,,gray,4,3,2120
2160,淡蓝色相框,decoration,,gray,2,2,1140
2161,淡蓝色羊毛,decoration,,gray,2,2,1188
2162,粉红色羊毛,decoration,,gray,2,2,1176
2163,粉色酒吧椅,decoration,,gray,2,1,806
2164,粉色沙发,decoration,,gray,4,3,2016
2165,粉色现代床,decoration,,gray,2,3,1697
2166,粉色现代沙发,decoration,,gray,2,4,1890
2167,粉色相框,decoration,,gray,2,2,1176
2168,公共长椅,decoration,,gray,3,4,1995
2169,黑色酒吧椅,decoration,,gray,2,1,815
2170,黑色沙发,decoration,,gray,2,3,1663
2171,黑色现代床,decoration,,gray,2,4,1818
2172,黑色现代沙发,decoration,,gray,3,3,2203
2173,黑色相框,decoration,,gray,2,2,1188
2174,黑色羊毛,decoration,,gray,2,2,1236
2175,红色酒吧椅,decoration,,gray,2,1,840
2176,红色沙发,decoration,,gray,2,4,1818
2177,红色现代床,decoration,,gray,3,3,2162
2178,红色现代沙发,decoration,,gray,3,4,1995
2179,红色相框,decoration,,gray,2,2,1224
2180,户外用桌,decoration,,gray,2,3,1663
2181,花岗岩咖啡桌,decoration,,gray,2,4,1800
2182,花岗岩书桌,book;decoration,,gray,3,3,2241
2183,花岗岩椅子,decoration,,gray,2,1,891
2184,花岗岩桌,decoration,,gray,4,3,2078
2185,黄绿色酒吧椅,decoration,,gray,2,1,798
2186,黄绿色沙发,decoration,,gray,2,4,1728
2187,黄绿色现代床,decoration,,gray,3,3,2058
2188,黄绿色现代沙发,decoration,,gray,3,4,2162
2189,黄绿色相框,decoration,,gray,2,2,1164
2190,黄绿色羊毛,decoration,,gray,2,2,1212
2191,黄色酒吧椅,decoration,,gray,2,1,815
2192,黄色沙发,decoration,,gray,3,3,2037
2193,黄色现代床,decoration,,gray,3,4,2099
2194,黄色现代沙发,decoration,,gray,4,3,2203
2195,黄色相框,decoration,,gray,2,2,1188
2196,黄色羊毛,decoration,,gray,2,2,1236
2197,灰色混凝土,decoration,,gray,2,2,1140
2198,灰色酒吧椅,decoration,,gray,2,1,891
2199,灰色沙发,decoration,,gray,4,3,1954
2200,灰色现代床,decoration,,gray,2,3,1646
2201,灰色现代沙发,decoration,,gray,2,4,1836
2202,灰色相框,decoration,,gray,2,2,1140
2203,灰色羊毛,decoration,,gray,2,2,1188
2204,金合欢木咖啡桌,decoration,,green,4,3,6984
2205,金合欢木书桌,book;decoration,,green,2,3,6142
2206,金合欢木椅子,decoration,,green,2,1,3000
2207,金合欢木桌,decoration,,green,3,3,6984
2208,酒吧椅,decoration,,gray,2,1,899
2209,狂欢沙发,decoration,,gray,4,3,2120
2210,蓝色酒吧椅,decoration,,gray,2,1,806
2211,蓝色沙发,decoration,,gray,2,4,1746
2212,蓝色现代床,decoration,,gray,3,3,2078
2213,蓝色现代沙发,decoration,,gray,3,4,2182
2214,蓝色相框,decoration,,gray,2,2,1176
2215,蓝色羊毛,decoration,,gray,2,2,1224
2216,绿色酒吧椅,decoration,,gray,2,1,857
2217,绿色沙发,decoration,,gray,3,3,2141
2218,绿色现代床,decoration,,gray,3,4,2203
2219,绿色现代沙发,decoration,,gray,4,3,2037
2220,绿色相框,decoration,,gray,2,2,1248
2221,绿色羊毛,decoration,,gray,2,2,1140
2222,品红色酒吧椅,decoration,,gray,2,1,840
2223,品红色沙发,decoration,,gray,3,4,2099
2224,品红色现代床,decoration,,gray,4,3,2162
2225,品红色现代沙发,decoration,,gray,2,3,1629
2226,品红色相框,decoration,,gray,2,2,1224
2227,品红色羊毛,decoration,,gray,2,2,1272
2228,青色酒吧椅,decoration,,gray,2,1,857
2229,青色沙发,decoration,,gray,4,3,2141
2230,青色现代床,decoration,,gray,2,3,1799
2231,青色现代沙发,decoration,,gray,2,4,1764
2232,青色相框,decoration,,gray,2,2,1248
2233,青色羊毛,decoration,,gray,2,2,1140
2234,沙发,decoration,,gray,4,3,1975
2235,闪长岩咖啡桌,decoration,,gray,2,3,1731
2236,闪长岩书桌,book;decoration,,green,2,4,6930
2237,闪长岩椅子,decoration,,gray,2,1,798
2238,闪长岩桌,decoration,,gray,3,4,2120
2239,深色橡木咖啡桌,decoration,,gray,4,3,2182
2240,深色橡木书桌,book;decoration,,green,2,3,6730
2241,深色橡木椅子,decoration,,gray,2,1,823
2242,深色橡木桌,decoration,,gray,3,3,2182
2243,石椅子,decoration,,gray,2,1,832
2244,石质咖啡桌,decoration,,gray,4,3,2120
2245,石质书桌,book;decoration,,green,2,3,6534
2246,石桌,decoration,,gray,2,4,1908
2247,现代咖啡桌,decoration,,gray,3,3,2078
2248,现代推拉门,decoration,,gray,3,2,1455
2249,现代椅子,decoration,,gray,2,1,891
2250,现代桌子,decoration,,gray,2,3,1731
2251,橡木咖啡桌,decoration,,gray,2,4,1710
2252,橡木书桌,book;decoration,,green,3,3,8482
2253,橡木椅子,decoration,,gray,2,1,849
2254,橡木桌,decoration,,gray,4,3,1975
2255,云杉木咖啡桌,decoration,,gray,2,3,1663
2256,云杉木书桌,book;decoration,,green,2,4,6653
2257,云杉木椅子,decoration,,gray,2,1,874
2258,云杉木桌,decoration,,gray,3,4,2037
2259,紫色酒吧椅,decoration,,gray,2,1,857
2260,紫色沙发,decoration,,gray,2,3,1748
2261,紫色现代床,decoration,,gray,2,4,1908
2262,紫色现代沙发,decoration,,gray,3,3,2037
2263,紫色相框,decoration,,gray,2,2,1248
2264,紫色羊毛,decoration,,gray,2,2,1140
2265,棕色酒吧椅,decoration,,gray,2,1,806
2266,棕色沙发,decoration,,gray,2,4,1746
2267,棕色现代床,decoration,,gray,3,3,2078
2268,棕色现代沙发,decoration,,gray,3,4,2182
2269,棕色相框,decoration,,gray,2,2,1176
2270,棕色羊毛,decoration,,gray,2,2,1224
2271,白色礼物,decoration,,gray,2,2,1200
2272,包裹,decoration,,gray,2,2,1152
2273,彩色小灯,decoration,,gray,2,1,857
2274,橙色礼物,decoration,,gray,2,2,1188
2275,淡灰色礼物,decoration,,gray,2,2,1140
2276,淡蓝色礼物,decoration,,gray,2,2,1176
2277,粉色礼物,decoration,,gray,2,2,1212
2278,黑色礼物,decoration,,gray,2,2,1224
2279,红色礼物,decoration,,gray,2,2,1260
2280,花环,decoration,,gray,3,2,1514
2281,黄绿色礼物,decoration,,gray,2,2,1200
2282,黄色礼物,decoration,,gray,2,2,1224
2283,灰色礼物,decoration,,gray,2,2,1176
2284,蓝色礼物,decoration,,gray,2,2,1212
2285,绿色礼物,decoration,,gray,2,2,1128
2286,品红色礼物,decoration,,gray,2,2,1260
2287,青色礼物,decoration,,gray,2,2,1128
2288,圣诞树,decoration,,gray,2,2,1212
2289,紫色礼物,decoration,,gray,2,2,1128
2290,棕色礼物,decoration,,gray,2,2,1212
2291,烤肉串,decoration;food,,green,1,1,1995
2292,面包片,decoration;food,,green,1,1,2058
2293,肉,decoration;food,,green,1,1,2016
2294,生肉串,decoration;food,,green,1,1,2079
2295,熟肉,decoration;food,,green,1,1,2142
2296,熟香肠,decoration;food,,green,1,1,1995
2297,吐司,decoration;food,,green,1,1,2226
2298,香肠,decoration;food,,green,1,1,2142
2299,白桦木公园长椅,decoration,,gray,4,3,2141
2300,白桦木门铃,decoration,,gray,2,2,1128
2301,白桦木升级栅栏,decoration,,gray,2,1,806
2302,白桦木升级栅栏门,decoration,,gray,3,2,1396
2303,白桦木信箱,decoration,,gray,2,2,1176
2304,白色地毯,decoration,,gray,1,1,600
2305,白色门垫,decoration,,gray,2,2,1200
2306,白色围栏,decoration,,gray,2,2,1212
2307,白色栅栏门,decoration,,gray,3,2,1499
2308,蹦床,decoration,,gray,3,4,2182
2309,城堡网,decoration,,gray,2,2,1236
2310,橙色门垫,decoration,,gray,2,2,1188
2311,充气城堡,decoration,,gray,2,2,1164
2312,丛林木公园长椅,decoration,,gray,3,3,2099
2313,丛林木门铃,decoration,,gray,2,2,1260
2314,丛林木升级栅栏,decoration,,gray,2,1,899
2315,丛林木升级栅栏门,decoration,,gray,3,2,1558
2316,丛林木信箱,decoration,,gray,2,2,1152
2317,丛林树篱,decoration,,gray,2,2,1128
2318,淡灰色门垫,decoration,,gray,2,2,1140
2319,淡蓝色地毯,decoration,,gray,1,1,588
2320,淡蓝色门垫,decoration,,gray,2,2,1176
2321,地狱砖升级栅栏,decoration,,gray,2,1,874
2322,电栅栏,decoration,,gray,2,1,865
2323,粉色门垫,decoration,,gray,2,2,1212
2324,黑色门垫,decoration,,gray,2,2,1224
2325,红色门垫,decoration,,gray,2,2,1260
2326,桦木树篱,decoration,,gray,2,2,1164
2327,黄绿色门垫,decoration,,gray,2,2,1200
2328,黄色门垫,decoration,,gray,2,2,1224
2329,灰色地毯,decoration,,gray,1,1,588
2330,灰色门垫,decoration,,gray,2,2,1176
2331,金合欢木公园长椅,decoration,,green,2,4,6300
2332,金合欢木门铃,decoration,,green,2,2,4368
2333,金合欢木升级栅栏,decoration,,green,2,1,3118
2334,金合欢木升级栅栏门,decoration,,green,3,2,5401
2335,金合欢木信箱,decoration,,green,2,2,3990
2336,金合欢树篱,decoration,,green,2,2,4452
2337,蓝色门垫,decoration,,gray,2,2,1212
2338,绿色门垫,decoration,,gray,2,2,1128
2339,品红色门垫,decoration,,gray,2,2,1260
2340,青色门垫,decoration,,gray,2,2,1128
2341,深色橡木公园长椅,decoration,,gray,2,4,1728
2342,深色橡木门铃,decoration,,gray,2,2,1200
2343,深色橡木升级栅栏,decoration,,gray,2,1,857
2344,深色橡木升级栅栏门,decoration,,gray,3,2,1484
2345,深色橡木信箱,decoration,,gray,2,2,1248
2346,深色橡树树篱,decoration,,gray,2,2,1272
2347,石板路,decoration,,gray,2,2,1152
2348,石头按钮,decoration,,gray,1,1,624
2349,跳板,decoration,,gray,1,1,594
2350,下界砖栅栏,decoration,,blue,2,1,7976
2351,现代户外用桌,decoration,,gray,2,4,1908
2352,现代楼梯,decoration,,gray,2,2,1176
2353,橡木公园长椅,decoration,,gray,3,4,2058
2354,橡木门铃,decoration,,gray,2,2,1236
2355,橡木升级栅栏,decoration,,gray,2,1,882
2356,橡木升级栅栏门,decoration,,gray,3,2,1528
2357,橡木信箱,decoration,,gray,2,2,1128
2358,橡木栅栏,decoration,,gray,2,1,882
2359,橡木栅栏门,decoration,,gray,3,2,1528
2360,橡树树篱,decoration,,gray,2,2,1152
2361,小鸟池,decoration,,gray,2,2,1248
2362,烟囱,decoration,,gray,2,2,1248
2363,云杉木公园长椅,decoration,,gray,3,4,2120
2364,云杉木门铃,decoration,,gray,2,2,1272
2365,云杉木升级栅栏,decoration,,gray,2,1,798
2366,云杉木升级栅栏门,decoration,,gray,3,2,1382
2367,云杉木信箱,decoration,,gray,2,2,1164
2368,云杉树篱,decoration,,gray,2,2,1140
2369,紫色门垫,decoration,,gray,2,2,1128
2370,棕色地毯,decoration,,gray,1,1,606
2371,棕色门垫,decoration,,gray,2,2,1212
2372,花洒,decoration,,gray,2,2,1200
2373,镜子,decoration,,gray,3,2,1455
2374,淋浴,decoration,,gray,2,2,1200
2375,马桶,decoration,,gray,2,1,798
2376,水龙头,decoration,,gray,2,2,1164
2377,浴缸,decoration,,gray,3,3,2120
2378,玻璃杯,decoration,,gray,2,2,1164
2379,超级肥皂水,decoration,,gray,2,2,1236
2380,锤子,decoration,,gray,3,2,1396
2381,刀,decoration,,gray,2,2,1248
2382,低温冰冻包,decoration,,gray,2,2,1272
2383,肥皂水,decoration,,gray,2,2,1248
2384,刮刀,decoration,,gray,2,2,1140
2385,墨盒,decoration,,gray,2,2,1236
2386,配方手册,book;decoration,,green,1,1,2449
2387,撬棍,decoration,,gray,2,2,1164
2388,香皂,decoration,,gray,2,2,1188
2389,信封,decoration,,gray,2,2,1248
2390,原木条,decoration,,gray,2,2,1260
2391,白色灯,decoration;tech,,blue,2,1,11812
2392,橙色灯,decoration;tech,,blue,2,1,11688
2393,淡灰色灯,decoration;tech,,blue,2,1,12796
2394,淡蓝色灯,decoration;tech,,blue,2,1,11565
2395,灯,decoration;tech,,blue,2,1,11688
2396,灯开关,decoration;tech,,blue,2,1,12796
2397,粉色灯,decoration;tech,,blue,2,1,11935
2398,黑色灯,decoration;tech,,blue,2,1,12058
2399,红色灯,decoration;tech,,blue,2,1,12427
2400,黄绿色灯,decoration;tech,,blue,2,1,11812
2401,黄色灯,decoration;tech,,blue,2,1,12058
2402,灰色灯,decoration;tech,,blue,2,1,11565
2403,火堆,decoration;tech,,blue,2,2,16704
2404,蓝色灯,decoration;tech,,blue,2,1,11935
2405,绿色灯,decoration;tech,,blue,2,1,12673
2406,品红色灯,decoration;tech,,blue,2,1,12427
2407,青色灯,decoration;tech,,blue,2,1,12673
2408,吸顶灯,decoration;tech,,blue,2,1,12919
2409,现代灯,decoration;tech,,blue,2,1,12673
2410,紫色灯,decoration;tech,,blue,2,1,12673
2411,棕色灯,decoration;tech,,blue,2,1,11935
2412,阿勒锭,ore,,green,1,1,2750
2413,阿勒粒,ore,,green,1,1,2920
2414,暗影之石,ore;magic,,purple,1,1,156077
2415,暗影铸块,ore;magic,,purple,2,2,171301
2416,炽炎宝石块,ore,,green,2,2,5783
2417,炽炎锭,ore,,green,1,1,2722
2418,充能集流器,ore,,green,1,1,2863
2419,传说末影之眼,ore,,green,1,1,2665
2420,纯净海蓝颗粒,ore,,green,1,1,2835
2421,丛林碎块,ore,,green,1,1,3005
2422,丛林之石,ore,,green,1,1,2977
2423,大地碎块,ore,,green,1,1,2835
2424,大地之石,ore,,green,1,1,2807
2425,独眼巨人之眼,ore,,green,1,1,2807
2426,独眼巨人之眼碎块,ore,,green,1,1,2778
2427,腐化碎块,ore,,green,1,1,2863
2428,腐化之石,ore,,green,1,1,2835
2429,附魔山脉宝石,ore,,green,1,1,2807
2430,附魔山脉碎片,ore,,green,1,1,2892
2431,附魔山脉之魂,ore,,green,1,1,2807
2432,附魔山脉之心,ore,,green,1,1,2948
2433,海蓝锭,ore,,green,1,1,2892
2434,海蓝颗粒,ore,,green,1,1,3005
2435,海蓝烈焰棒,ore,,green,1,1,2665
2436,海蓝球,ore,,green,1,1,2863
2437,寒冰碎块,ore,,green,1,1,2920
2438,寒冰之石,ore,,green,1,1,2892
2439,滑齿龙齿,ore,,green,1,1,2948
2440,滑齿龙头颅,ore,,green,1,1,2665
2441,基岩块,ore,,red,2,2,461700
2442,集能器碎片,ore,,green,1,1,2693
2443,监视之眼,ore,,green,1,1,2892
2444,鲸鳍,ore,,green,1,1,3005
2445,克拉肯鳞片,ore,,green,1,1,2920
2446,克拉肯皮,ore,,green,1,1,2778
2447,空境宝石,ore,,green,1,1,2665
2448,空境碎片,ore,,green,1,1,2750
2449,空境之魂,ore,,green,1,1,2665
2450,空境之心,ore,,green,1,1,2807
2451,蓝焰之石,ore,,green,1,1,2722
2452,卢比锭,ore,,green,1,1,2665
2453,卢比粒,ore,,green,1,1,2835
2454,马辛,ore,,green,1,1,2977
2455,末影碎块,ore,,green,1,1,2665
2456,末影之石,ore,,green,1,1,3005
2457,怒焰粉,ore,,green,1,1,2722
2458,熔火碎块,ore,,green,1,1,2778
2459,熔火之石,ore,,green,1,1,2750
2460,熔岩宝石,ore;magic,,purple,1,1,178438
2461,鲨鱼鳍,ore,,green,1,1,2750
2462,神圣碎块,ore;magic,,red,2,4,1135574
2463,神圣之石,ore;magic,,red,3,3,1377543
2464,死域宝石,ore,,green,1,1,2693
2465,死域碎片,ore,,green,1,1,2778
2466,死域之魂,ore,,green,1,1,2693
2467,死域之心,ore,,green,1,1,2835
2468,现石锭,ore,,green,1,1,2977
2469,现石粒,ore,,green,1,1,2778
2470,蟹钳,ore,,green,1,1,2977
2471,血宝石,ore,,green,1,1,2750
2472,伊甸宝石,ore;magic,,purple,1,1,169176
2473,伊甸碎片,ore;magic,,purple,1,1,171301
2474,伊甸之魂,ore;magic,,purple,1,1,163804
2475,伊甸之心,ore;magic,,purple,1,1,174869
2476,狱石锭,ore,,green,1,1,2722
2477,原始森林宝石,ore,,green,1,1,2778
2478,原始森林碎片,ore,,green,1,1,2863
2479,原始森林之魂,ore,,green,1,1,2778
2480,原始森林之心,ore,,green,1,1,2920
2481,紫焰粉,ore,,green,1,1,2722
2482,阿勒偏转者,equipment,,green,2,2,5613
2483,附魔山脉之盾,equipment,,green,3,2,6736
2484,空境长盾,equipment,,green,3,2,6528
2485,卢比反射者,equipment,,green,2,2,5783
2486,现石盾,equipment,,green,3,2,6944
2487,岩晶大盾,equipment,,green,3,2,6736
2488,伊甸宙斯盾,equipment;magic,,gold,3,2,312751
2489,原始森林守护者,equipment,,green,2,2,5387
2490,致命者,equipment,,green,2,2,5954
2491,阿勒锄,tool,,green,1,4,4988
2492,阿勒斧,tool,,green,3,2,6366
2493,阿勒镐,tool,,green,3,2,6816
2494,阿勒锹,tool,,green,3,1,5040
2495,阿勒锹镐斧,tool,,green,3,2,6237
2496,柏油桶,tool,,green,2,2,5145
2497,腐化斧,tool,,green,3,2,6366
2498,腐化镐,tool,,green,3,2,6816
2499,腐化锹,tool,,green,3,1,5040
2500,附魔山脉斧,tool,,green,3,2,6044
2501,附魔山脉镐,tool,,green,3,2,6494
2502,附魔山脉锹,tool,,green,3,1,5460
2503,光之宝珠,tool,,green,1,4,5198
2504,基岩斧,tool,,red,3,2,584203
2505,基岩镐,tool,,red,3,2,551135
2506,基岩锹,tool,,red,3,1,518209
2507,空境斧,tool,,green,3,2,6559
2508,空境镐,tool,,green,3,2,6173
2509,空境锹,tool,,green,3,1,5198
2510,卢比锄,tool,,green,1,5,6163
2511,卢比斧,tool,,green,3,2,6173
2512,卢比镐,tool,,green,3,2,6623
2513,卢比锹,tool,,green,3,1,5565
2514,卢比锹镐斧,tool,,green,3,2,6044
2515,梦境斧,tool,,green,3,2,6494
2516,梦境镐,tool,,green,3,2,6108
2517,梦境锹,tool,,green,3,1,5145
2518,神圣斧,tool;magic,,red,3,2,862857
2519,神圣镐,tool;magic,,red,3,2,812594
2520,神圣锹,tool;magic,,red,3,1,684000
2521,神圣锹镐斧,tool;magic,,red,3,2,846103
2522,生成 烈焰奎克斯,tool,,green,1,5,5987
2523,生成 塞蒙,tool,,green,3,1,5093
2524,生成 泰利库,tool,,green,4,1,5250
2525,生成 治疗傀儡,tool,,green,5,1,5928
2526,死域斧,tool,,green,3,2,6623
2527,死域镐,tool,,green,3,2,6237
2528,死域锹,tool,,green,3,1,5250
2529,现石锄,tool,,green,3,1,5408
2530,现石斧,tool,,green,3,2,6044
2531,现石镐,tool,,green,3,2,6494
2532,现石锹,tool,,green,3,1,5460
2533,伊甸斧,tool;magic,,purple,3,2,98712
2534,伊甸镐,tool;magic,,purple,3,2,92848
2535,伊甸火花,tool;magic,,purple,3,1,66344
2536,伊甸锹,tool;magic,,purple,3,1,87435
2537,原始森林斧,tool,,green,3,2,6816
2538,原始森林镐,tool,,green,3,2,6430
2539,原始森林锹,tool,,green,3,1,5408
2540,治疗之石,tool,,green,1,5,5987
2541,暗影硬币,ore;magic,,purple,1,1,193515
2542,肮脏珍珠,ore,,green,1,1,2920
2543,地牢代币,ore,,green,1,1,2665
2544,干净珍珠,ore,,green,1,1,3005
2545,集能器,ore,,green,1,1,2920
2546,秘金,ore,,green,1,1,2977
2547,抛光珍珠,ore,,green,1,1,2920
2548,闪亮珍珠,ore,,green,1,1,2948
2549,白蘑菇,food,,gray,1,1,594
2550,薄荷糖,food,,gray,1,1,594
2551,蛋奶酒,food,,gray,1,1,624
2552,冬莓,food,,gray,1,1,588
2553,番茄,food,,gray,1,1,576
2554,粉光骨,food,,gray,1,1,612
2555,富集魔法肉,food,,gray,1,1,630
2556,赋能肉,food,,gray,1,1,612
2557,高级蘑菇煲,food,,green,1,1,2079
2558,鸡肉煲,food,,gray,1,1,570
2559,金银花,food,,gray,1,1,600
2560,禁果,food,,gray,1,1,564
2561,苛蕨,food,,gray,1,1,636
2562,梦境蛋糕,food,,gray,1,1,594
2563,梦境胡萝卜,food,,gray,1,1,630
2564,梦境酸糖,food,,gray,1,1,618
2565,梦境甜瓜,food,,gray,1,1,576
2566,梦境甜糖,food,,gray,1,1,582
2567,梦境馅饼,food,,gray,1,1,594
2568,魔法肉,food,,gray,1,1,570
2569,木材巧克力,food,,gray,1,1,606
2570,奶酪,food,,gray,1,1,582
2571,生赋能肉,food,,gray,1,1,564
2572,熟鸡蛋,food,,gray,1,1,624
2573,水果蛋糕,food,,gray,1,1,618
2574,天空花,food,,gray,1,1,582
2575,甜甜圈,food,,gray,1,1,576
2576,雪糕筒,food,,gray,1,1,606
2577,熏猪肉,food,,gray,1,1,582
2578,月亮苞,food,,gray,1,1,594
2579,灼热南瓜派,food,,gray,1,1,600
2580,紫光骨,food,,gray,1,1,570
2581,堕落单刃剑,equipment,,green,3,1,5009
2582,堕落法杖,equipment,,green,3,2,7153
2583,堕落飞盘,equipment,,green,3,2,6736
2584,堕落炮,equipment,,green,3,2,7014
2585,堕落之锤,equipment,,green,3,2,6805
2586,堕落之弓,equipment,,green,3,2,7083
2587,堕落之爪,equipment,,green,3,2,7014
2588,黑暗魔杖,equipment,,green,3,2,6875
2589,黑暗之弓,equipment,,green,3,2,7153
2590,黑暗之环,equipment,,green,3,2,7014
2591,黑暗之剑,equipment,,green,3,1,4910
2592,黑暗之爪,equipment,,green,3,2,7083
2593,精湛单刃剑,equipment,,green,3,1,5009
2594,精湛法杖,equipment,,green,3,2,7153
2595,精湛飞盘,equipment,,green,3,2,6736
2596,精湛炮,equipment,,green,3,2,7014
2597,精湛之锤,equipment,,green,3,2,6805
2598,精湛之弓,equipment,,green,3,2,7083
2599,精湛之爪,equipment,,green,3,2,7014
2600,卡洛斯单刃剑,equipment,,green,3,1,5156
2601,卡洛斯法杖,equipment,,green,3,2,7361
2602,卡洛斯岩石锤,equipment,,green,3,2,7014
2603,卡洛斯之锤,equipment,,green,3,2,7014
2604,卡洛斯之爪,equipment,,green,3,2,7222
2605,魔化单刃剑,equipment,,green,3,1,5205
2606,魔化法杖,equipment,,green,3,2,6528
2607,魔化飞盘,equipment,,green,3,2,7014
2608,魔化炮,equipment,,green,3,2,7292
2609,魔化之锤,equipment,,green,3,2,7083
2610,魔化之弓,equipment,,green,3,2,7361
2611,魔化之爪,equipment,,green,3,2,7292
2612,飘渺魔杖,equipment,,green,3,2,6667
2613,飘渺之锤,equipment,,green,3,2,6667
2614,飘渺之弓,equipment,,green,3,2,6944
2615,飘渺之环,equipment,,green,3,2,6805
2616,飘渺之剑,equipment,,green,3,1,4763
2617,飘渺之爪,equipment,,green,3,2,6875
2618,闪耀单刃剑,equipment,,green,3,1,5107
2619,闪耀法杖,equipment,,green,3,2,7292
2620,闪耀飞盘,equipment,,green,3,2,6875
2621,闪耀炮,equipment,,green,3,2,7153
2622,闪耀之锤,equipment,,green,3,2,6944
2623,闪耀之弓,equipment,,green,3,2,7222
2624,闪耀之爪,equipment,,green,3,2,7153
2625,神圣魔杖,equipment;magic,,red,3,2,986669
2626,神圣之锤,equipment;magic,,red,3,2,1208417
2627,神圣之弓,equipment;magic,,red,3,2,887989
2628,神圣之环,equipment;magic,,red,3,2,1232112
2629,神圣之爪,equipment;magic,,red,3,2,1135574
2630,圣魔单刃剑,equipment,,green,3,1,5058
2631,圣魔法杖,equipment,,green,3,2,7222
2632,圣魔之锤,equipment,,green,3,2,6875
2633,圣魔之爪,equipment,,green,3,2,7083
2634,四相单刃剑,equipment,,green,3,1,4714
2635,四相法杖,equipment,,green,3,2,6736
2636,四相之锤,equipment,,green,3,2,7292
2637,四相之爪,equipment,,green,3,2,6597
2638,刑罚单刃剑,equipment,,green,3,1,5205
2639,刑罚法杖,equipment,,green,3,2,6528
2640,刑罚飞盘,equipment,,green,3,2,7014
2641,刑罚炮,equipment,,green,3,2,7292
2642,刑罚之锤,equipment,,green,3,2,7083
2643,刑罚之弓,equipment,,green,3,2,7361
2644,刑罚之爪,equipment,,green,3,2,7292
2645,炎魔单刃剑,equipment,,green,3,1,4763
2646,炎魔法杖,equipment,,green,3,2,6805
2647,炎魔之锤,equipment,,green,3,2,7361
2648,炎魔之爪,equipment,,green,3,2,6667
2649,永恒之光,equipment,,green,2,2,5557
2650,永恒之骇,equipment,,green,2,2,5783
2651,永恒之辉,equipment,,green,2,2,5443
2652,永恒之视,equipment,,green,2,2,5840
2653,永恒之夜,equipment,,green,2,2,5613
2654,远古魔杖,equipment,,green,3,2,7083
2655,远古之锤,equipment,,green,3,2,7083
2656,远古之弓,equipment,,green,3,2,7361
2657,远古之环,equipment,,green,3,2,7222
2658,远古之剑,equipment,,green,3,1,5058
2659,远古之爪,equipment,,green,3,2,7292
2660,暗梦境砖块,magic;multiblock,,gold,4,4,547960
2661,别墅灯,magic;multiblock,,gold,4,4,521360
2662,大厅墙,magic;multiblock,,gold,4,4,500080
2663,堆叠禁室墙,magic;multiblock,,gold,4,4,505400
2664,蜂巢壁,magic;multiblock,,gold,4,4,510720
2665,蜂巢灯,magic;multiblock,,gold,4,4,532000
2666,黑色卡洛斯砖,magic;multiblock,,gold,4,4,558600
2667,火焰灯,magic;multiblock,,gold,4,4,553280
2668,火焰水晶,magic;multiblock;ore,,red,4,4,1313280
2669,禁室墙,magic;multiblock,,gold,4,4,500080
2670,卡洛斯发射器,magic;multiblock,,gold,4,4,563920
2671,卡洛斯红色高温瓷砖,magic;multiblock,,gold,4,4,563920
2672,卡洛斯绿色高温瓷砖,magic;multiblock,,gold,4,4,505400
2673,蓝色卡洛斯砖,magic;multiblock,,gold,4,4,553280
2674,亮梦境砖块,magic;multiblock,,gold,4,4,558600
2675,平滑玻璃,magic;multiblock,,gold,4,4,537320
2676,炎魔光束,magic;multiblock,,gold,4,4,537320
2677,月影石头,magic;multiblock,,gold,4,4,505400
2678,月影砖块,magic;multiblock,,gold,4,4,505400
2679,转换禁室墙,magic;multiblock,,gold,4,4,526680
2680,地牢监管者祭坛,magic;multiblock,,gold,4,4,505400
2681,老道的浮游者召唤笼,magic;multiblock,,red,4,4,1285920
2682,秘界寄生虫祭坛,magic;multiblock,,gold,4,4,505400
2683,太阳风暴召唤笼,magic;multiblock,,red,4,4,1313280
2684,永恒射手召唤笼,book;magic;multiblock,,red,4,4,1368000
2685,原始躁木召唤笼,magic;multiblock,,red,4,4,1381680
2686,部落号角,magic;loot,,gold,4,4,565054
2687,地狱之火,magic;loot,,gold,3,3,704900
2688,颠叟水晶,magic;loot;ore,,red,4,5,1560060
2689,附魔山脉宝石块,magic;loot;ore,,gold,4,3,582898
2690,基础召唤水晶,magic;loot;ore,,red,5,5,1641600
2691,监视者之召,magic;loot,,gold,5,3,576950
2692,卡萝特水晶,magic;loot;ore,,gold,5,2,576950
2693,空境宝石块,magic;loot;ore,,gold,2,3,630482
2694,冥鬼独角兽水晶,magic;loot;ore,,gold,5,4,704900
2695,暮光恶魔水晶,magic;loot;ore,,gold,2,4,594794
2696,瑞弗水晶,magic;loot;ore,,gold,3,3,600742
2697,神秘之钟,magic;loot,,gold,5,4,624534
2698,嗜魂魔水晶,magic;loot;ore,,gold,4,5,588846
2699,死域宝石块,magic;loot;ore,,gold,3,5,559106
2700,巫师之书,book;magic;loot,,gold,4,5,618586
2701,伊甸宝石块,magic;loot;ore,,gold,3,2,624534
2702,永恒射手水晶,book;magic;loot;ore,,red,2,4,1404034
2703,原始森林宝石块,magic;loot;ore,,gold,5,5,645050
2704,寰宇肉丸,food;magic,,gold,1,1,567435
2705,超级煲,food;magic,所有的食物浓缩而成,red,3,3,3547960
2706,寰宇支配之剑,tool;tech;magic;,,red,4,2,9999999
2707,世界崩解之镐,tool;tech;magic;ore,,red,4,3,8153452
2708,自然荒芜之斧,tool;tech;magic;natural,,red,3,2,7945228
2709,星球吞噬之锹,tool;tech;magic;natural,,red,3,1,7264362
2710,无尽头盔,equipment;tech;magic,,red,2,3,7777777
2711,无尽胸甲,equipment;tech;magic,,red,4,4,7777777
2712,无尽护腿,equipment;tech;magic,,red,5,3,7777777
2713,无尽靴子,equipment;tech;magic,,red,2,2,7777777
2714,中子态素块,ore,,gold,5,5,555555
2715,普通战利品袋,loot,【抽奖】可开出大量低价值战利品,gray,1,1,1000
2716,稀有战利品袋,loot,【抽奖】可开出中价值战利品,gray,2,1,2000
2717,史诗战利品袋,loot,【抽奖】可开出大量中价值战利品,green,2,2,2000
2718,传说战利品袋,loot,【抽奖】可开出高价值战利品,blue,3,2,1000
2719,特殊战利品袋,loot,【抽奖】可开出大量高价值战利品,purple,4,2,2000
2720,限定战利品袋,loot,【抽奖】可开出价值连城的战利品,gold,5,2,1000
2721,道具盒,loot,【抽奖】可开出常见的道具,blue,3,3,23432
2722,传说道具盒,loot,【抽奖】可开出珍贵的道具,gold,3,4,178871
2723,D20,loot,【抽奖】可开出红色稀有度的战利品,red,3,3,666666
2724,D6,loot,【抽奖】可开出金色和红色稀有度的战利品,red,2,2,233333